Workbook

Sheet 요약
A1: 다녀가 용! 재화 배치 임시값 요약
A2: 기준: 20261001_레벨디자인_Ver03_백승오 (스테이지·건물) + 20260930_컨셉기획서_Ver01_오승명 p10 (재화). 모든 골드 값은 임시값이며 설정 시트에서 조절.
A4: 시대 | B4: 스테이지 골드 | C4: 보너스 골드 | D4: 시대 합계 | E4: 전체 대비 비중 | F4: 1-1 대비 배수 (스테이지 1개 평균)
A5: 원시 | B5: =SUMIF('스테이지별 골드'!$A$5:$A$32,A5,'스테이지별 골드'!$M$5:$M$32) -> 1044 | C5: =SUMIF('스테이지별 골드'!$A$5:$A$32,A5,'스테이지별 골드'!$Q$5:$Q$32) -> 2704 | D5: =B5+C5 -> 3748 | E5: =IF($D$12=0,0,D5/$D$12) -> 0.0017780789 | F5: =IF('스테이지별 골드'!$M$5=0,0,B5/4/'스테이지별 골드'!$M$5) -> 2.4622642
A6: 고대 | B6: =SUMIF('스테이지별 골드'!$A$5:$A$32,A6,'스테이지별 골드'!$M$5:$M$32) -> 3339 | C6: =SUMIF('스테이지별 골드'!$A$5:$A$32,A6,'스테이지별 골드'!$Q$5:$Q$32) -> 7448 | D6: =B6+C6 -> 10787 | E6: =IF($D$12=0,0,D6/$D$12) -> 0.0051174324 | F6: =IF('스테이지별 골드'!$M$5=0,0,B6/4/'스테이지별 골드'!$M$5) -> 7.875
A7: 중세 | B7: =SUMIF('스테이지별 골드'!$A$5:$A$32,A7,'스테이지별 골드'!$M$5:$M$32) -> 9740 | C7: =SUMIF('스테이지별 골드'!$A$5:$A$32,A7,'스테이지별 골드'!$Q$5:$Q$32) -> 19654 | D7: =B7+C7 -> 29394 | E7: =IF($D$12=0,0,D7/$D$12) -> 0.013944731 | F7: =IF('스테이지별 골드'!$M$5=0,0,B7/4/'스테이지별 골드'!$M$5) -> 22.971698
A8: 산업 | B8: =SUMIF('스테이지별 골드'!$A$5:$A$32,A8,'스테이지별 골드'!$M$5:$M$32) -> 26761 | C8: =SUMIF('스테이지별 골드'!$A$5:$A$32,A8,'스테이지별 골드'!$Q$5:$Q$32) -> 50431 | D8: =B8+C8 -> 77192 | E8: =IF($D$12=0,0,D8/$D$12) -> 0.036620455 | F8: =IF('스테이지별 골드'!$M$5=0,0,B8/4/'스테이지별 골드'!$M$5) -> 63.115566
A9: 현대 | B9: =SUMIF('스테이지별 골드'!$A$5:$A$32,A9,'스테이지별 골드'!$M$5:$M$32) -> 71560 | C9: =SUMIF('스테이지별 골드'!$A$5:$A$32,A9,'스테이지별 골드'!$Q$5:$Q$32) -> 128070 | D9: =B9+C9 -> 199630 | E9: =IF($D$12=0,0,D9/$D$12) -> 0.094705946 | F9: =IF('스테이지별 골드'!$M$5=0,0,B9/4/'스테이지별 골드'!$M$5) -> 168.77358
A10: 미래 | B10: =SUMIF('스테이지별 골드'!$A$5:$A$32,A10,'스테이지별 골드'!$M$5:$M$32) -> 187496 | C10: =SUMIF('스테이지별 골드'!$A$5:$A$32,A10,'스테이지별 골드'!$Q$5:$Q$32) -> 322605 | D10: =B10+C10 -> 510101 | E10: =IF($D$12=0,0,D10/$D$12) -> 0.24199568 | F10: =IF('스테이지별 골드'!$M$5=0,0,B10/4/'스테이지별 골드'!$M$5) -> 442.20755
A11: 우주 | B11: =SUMIF('스테이지별 골드'!$A$5:$A$32,A11,'스테이지별 골드'!$M$5:$M$32) -> 478741 | C11: =SUMIF('스테이지별 골드'!$A$5:$A$32,A11,'스테이지별 골드'!$Q$5:$Q$32) -> 798300 | D11: =B11+C11 -> 1277041 | E11: =IF($D$12=0,0,D11/$D$12) -> 0.60583768 | F11: =IF('스테이지별 골드'!$M$5=0,0,B11/4/'스테이지별 골드'!$M$5) -> 1129.1061
A12: 합계 | B12: =SUM(B5:B11) -> 778681 | C12: =SUM(C5:C11) -> 1329212 | D12: =SUM(D5:D11) -> 2107893 | E12: =SUM(E5:E11) -> 1
A14: 주요 지표
A15: 1-1 스테이지 골드 (보너스 제외) | B15: ='스테이지별 골드'!M5 -> 106
A16: 7-4 스테이지 골드 (보너스 제외) | B16: ='스테이지별 골드'!M32 -> 173940
A17: 1-1 일반 건물 1개 골드 | B17: ='스테이지별 골드'!J5 -> 10
A18: 7-4 랜드마크 골드 | B18: ='스테이지별 골드'!L32 -> 19500
A19: 전 스테이지 1회 클리어 누적 골드 (보너스 포함) | B19: ='스테이지별 골드'!S32 -> 2107893
A20: 건물 1개 최대 드랍 개수 | B20: =MAX('드랍 구성'!K5:K102) -> 29
A21: 건물 1개 최소 드랍 개수 | B21: =MIN('드랍 구성'!K5:K102) -> 6

Sheet 개편안 설명
A1: 드랍 재배치 개편안 (Ver03): 인크리멘탈 문법에 맞춘 재화 성장 설계
A2: 기준: 20261001_레벨디자인_Ver03_백승오 (건물 수·체력·보너스 스테이지) / Ver02 드랍 구성 분석 결과. 원본 시트(드랍 구성·스테이지별 골드)는 수정하지 않고 비교용으로 남김.
A5: Ver02의 문제
A6: ① 상위 재화가 해금되는 순간 드랍 개수가 급감함 (예: 일반 4-1 금괴 24개 → 4-2 사파이어 6개). 보상은 +25%인데 화면은 1/4로 줄어듦
A7: ② 잔돈(코인 1~4개)이 불규칙하게 섞여 시각적 노이즈가 생김. 7-1 공격 건물은 루비 21개 + 코인 4개(전체의 0.2%)
A8: ③ 재화 등장 시점이 "골드 ≥ 등급 × 5"라는 산술 조건에 끌려가서, 허들이나 시대 전환 같은 게임 이벤트와 연결되지 않음
A10: 설계 원칙 (인크리멘탈 장르 문법)
A11: 1. 숫자는 항상 커진다: 건물 1개 드랍 개수가 스테이지마다 늘거나 유지됨 (감소 0회). 새 시대에 들어서면 한 단계 더 늘어남
A12: 2. 교체가 아니라 섞여 들어온다: 인접 2등급만 섞고, 상위 재화 비중이 스테이지마다 점점 커짐. 잔돈 재화 없음
A13: 3. 신규 재화 = 허들 돌파 보상: 홀수 시대 보스(1-4 / 3-4 / 5-4 / 7-4)에서 사파이어 / 루비 / 다이아몬드 / 왕관이 처음 등장
A14: 4. 짝수 시대 보스(2-4 / 4-4 / 6-4)에서는 그 재화가 골드 비중 기준 주력으로 승격됨 (개수로는 40~50%) → 시대마다 재화 쪽 사건이 1번씩 생김
A15: 5. 건물 위계 = 재화 위계: 신규 재화는 랜드마크 → 황금 → 공격 → 일반 순서로 1~3시대에 걸쳐 내려옴 (상위 건물이 다음 재화를 미리 보여 줌)
... A38: 레벨디자인 문서 p05(프랑스 → 독일)와 p07~p09(독일 → 프랑스)의 중세 지역 순서가 서로 다름. 스테이지별 골드 시트는 p05 순서를 따름

Sheet 개편 요약
A1: 드랍 재배치 개편 요약 (Ver02 → Ver03)
A2: 모든 값은 수식. 설정 시트의 개편안 입력값을 바꾸면 갱신됨.
A4: 1. 재화별 첫 등장 스테이지 (신규 재화 = 대허들 돌파 보상)
A5: 건물 유형 | B5: 금 코인 | C5: 금괴 | D5: 사파이어 | E5: 루비 | F5: 다이아몬드 | G5: 왕관
A6: 일반 | B6: =IFERROR(INDEX('드랍 구성 (개편)'!$B$5:$B$32,MATCH(TRUE,INDEX('드랍 구성 (개편)'!$U$5:$U$32>0,0),0)),"—") -> 1-1 | C6: =IFERROR(INDEX('드랍 구성 (개편)'!$B$5:$B$32,MATCH(TRUE,INDEX('드랍 구성 (개편)'!$T$5:$T$32>0,0),0)),"—") -> 1-2 | D6: =IFERROR(INDEX('드랍 구성 (개편)'!$B$5:$B$32,MATCH(TRUE,INDEX('드랍 구성 (개편)'!$S$5:$S$32>0,0),0)),"—") -> 3-3 | E6: =IFERROR(INDEX('드랍 구성 (개편)'!$B$5:$B$32,MATCH(TRUE,INDEX('드랍 구성 (개편)'!$R$5:$R$32>0,0),0)),"—") -> 6-1 | F6: =IFERROR(INDEX('드랍 구성 (개편)'!$B$5:$B$32,MATCH(TRUE,INDEX('드랍 구성 (개편)'!$Q$5:$Q$32>0,0),0)),"—") -> — | G6: =IFERROR(INDEX('드랍 구성 (개편)'!$B$5:$B$32,MATCH(TRUE,INDEX('드랍 구성 (개편)'!$P$5:$P$32>0,0),0)),"—") -> —
A7: 공격 | B7: =IFERROR(INDEX('드랍 구성 (개편)'!$B$33:$B$60,MATCH(TRUE,INDEX('드랍 구성 (개편)'!$U$33:$U$60>0,0),0)),"—") -> 1-1 | C7: =IFERROR(INDEX('드랍 구성 (개편)'!$B$33:$B$60,MATCH(TRUE,INDEX('드랍 구성 (개편)'!$T$33:$T$60>0,0),0)),"—") -> 1-1 | D7: =IFERROR(INDEX('드랍 구성 (개편)'!$B$33:$B$60,MATCH(TRUE,INDEX('드랍 구성 (개편)'!$S$33:$S$60>0,0),0)),"—") -> 3-2 | E7: =IFERROR(INDEX('드랍 구성 (개편)'!$B$33:$B$60,MATCH(TRUE,INDEX('드랍 구성 (개편)'!$R$33:$R$60>0,0),0)),"—") -> 5-3 | F7: =IFERROR(INDEX('드랍 구성 (개편)'!$B$33:$B$60,MATCH(TRUE,INDEX('드랍 구성 (개편)'!$Q$33:$Q$60>0,0),0)),"—") -> 7-3 | G7: =IFERROR(INDEX('드랍 구성 (개편)'!$B$33:$B$60,MATCH(TRUE,INDEX('드랍 구성 (개편)'!$P$33:$P$60>0,0),0)),"—") -> —
A8: 랜드마크 | B8: =IFERROR(INDEX('드랍 구성 (개편)'!$B$61:$B$74,MATCH(TRUE,INDEX('드랍 구성 (개편)'!$U$61:$U$74>0,0),0)),"—") -> 1-2 | C8: =IFERROR(INDEX('드랍 구성 (개편)'!$B$61:$B$74,MATCH(TRUE,INDEX('드랍 구성 (개편)'!$T$61:$T$74>0,0),0)),"—") -> 1-2 | D8: =IFERROR(INDEX('드랍 구성 (개편)'!$B$61:$B$74,MATCH(TRUE,INDEX('드랍 구성 (개편)'!$S$61:$S$74>0,0),0)),"—") -> 1-4 | E8: =IFERROR(INDEX('드랍 구성 (개편)'!$B$61:$B$74,MATCH(TRUE,INDEX('드랍 구성 (개편)'!$R$61:$R$74>0,0),0)),"—") -> 3-4 | F8: =IFERROR(INDEX('드랍 구성 (개편)'!$B$61:$B$74,MATCH(TRUE,INDEX('드랍 구성 (개편)'!$Q$61:$Q$74>0,0),0)),"—") -> 5-4 | G8: =IFERROR(INDEX('드랍 구성 (개편)'!$B$61:$B$74,MATCH(TRUE,INDEX('드랍 구성 (개편)'!$P$61:$P$74>0,0),0)),"—") -> 7-4
A9: 황금 (보너스) | B9: =IFERROR(INDEX('드랍 구성 (개편)'!$B$75:$B$102,MATCH(TRUE,INDEX('드랍 구성 (개편)'!$U$75:$U$102>0,0),0)),"—") -> 1-1 | C9: =IFERROR(INDEX('드랍 구성 (개편)'!$B$75:$B$102,MATCH(TRUE,INDEX('드랍 구성 (개편)'!$T$75:$T$102>0,0),0)),"—") -> 1-1 | D9: =IFERROR(INDEX('드랍 구성 (개편)'!$B$75:$B$102,MATCH(TRUE,INDEX('드랍 구성 (개편)'!$S$75:$S$102>0,0),0)),"—") -> 2-2 | E9: =IFERROR(INDEX('드랍 구성 (개편)'!$B$75:$B$102,MATCH(TRUE,INDEX('드랍 구성 (개편)'!$R$75:$R$102>0,0),0)),"—") -> 4-3 | F9: =IFERROR(INDEX('드랍 구성 (개편)'!$B$75:$B$102,MATCH(TRUE,INDEX('드랍 구성 (개편)'!$Q$75:$Q$102>0,0),0)),"—") -> 6-3 | G9: =IFERROR(INDEX('드랍 구성 (개편)'!$B$75:$B$102,MATCH(TRUE,INDEX('드랍 구성 (개편)'!$P$75:$P$102>0,0),0)),"—") -> —
A11: 2. 건물 1개 드랍 개수 비교
A12: 건물 유형 | B12: Ver02 최소 | C12: Ver02 최대 | D12: Ver02 개수 감소 횟수 | E12: Ver03 최소 | F12: Ver03 최대 | G12: Ver03 개수 감소 횟수 | H12: Ver03 1-1→7-4 증가 배수 | I12: Ver03 최대 골드 오차
A13: 일반 | B13: =MIN('드랍 구성 (개편)'!$Z$5:$Z$32) -> 6 | C13: =MAX('드랍 구성 (개편)'!$Z$5:$Z$32) -> 24 | D13: =SUMPRODUCT(--('드랍 구성 (개편)'!$Z$6:$Z$32<'드랍 구성 (개편)'!$Z$5:$Z$31)) -> 7 | E13: =MIN('드랍 구성 (개편)'!$V$5:$V$32) -> 10 | F13: =MAX('드랍 구성 (개편)'!$V$5:$V$32) -> 26 | G13: =SUMPRODUCT(--('드랍 구성 (개편)'!$V$6:$V$32<'드랍 구성 (개편)'!$V$5:$V$31)) -> 0 | H13: ='드랍 구성 (개편)'!$V$32/'드랍 구성 (개편)'!$V$5 -> 2.6 | I13: =MAX(INDEX(ABS('드랍 구성 (개편)'!$X$5:$X$32),0)) -> 0.125
A14: 공격 | B14: =MIN('드랍 구성 (개편)'!$Z$33:$Z$60) -> 6 | C14: =MAX('드랍 구성 (개편)'!$Z$33:$Z$60) -> 29 | D14: =SUMPRODUCT(--('드랍 구성 (개편)'!$Z$34:$Z$60<'드랍 구성 (개편)'!$Z$33:$Z$59)) -> 6 | E14: =MIN('드랍 구성 (개편)'!$V$33:$V$60) -> 12 | F14: =MAX('드랍 구성 (개편)'!$V$33:$V$60) -> 31 | G14: =SUMPRODUCT(--('드랍 구성 (개편)'!$V$34:$V$60<'드랍 구성 (개편)'!$V$33:$V$59)) -> 0 | H14: ='드랍 구성 (개편)'!$V$60/'드랍 구성 (개편)'!$V$33 -> 2.5833333 | I14: =MAX(INDEX(ABS('드랍 구성 (개편)'!$X$33:$X$60),0)) -> 0.057692308
A15: 랜드마크 | B15: =MIN('드랍 구성 (개편)'!$Z$61:$Z$74) -> 7 | C15: =MAX('드랍 구성 (개편)'!$Z$61:$Z$74) -> 24 | D15: =SUMPRODUCT(--('드랍 구성 (개편)'!$Z$62:$Z$74<'드랍 구성 (개편)'!$Z$61:$Z$73)) -> 3 | E15: =MIN('드랍 구성 (개편)'!$V$61:$V$74) -> 20 | F15: =MAX('드랍 구성 (개편)'!$V$61:$V$74) -> 37 | G15: =SUMPRODUCT(--('드랍 구성 (개편)'!$V$62:$V$74<'드랍 구성 (개편)'!$V$61:$V$73)) -> 0 | H15: ='드랍 구성 (개편)'!$V$74/'드랍 구성 (개편)'!$V$61 -> 1.85 | I15: =MAX(INDEX(ABS('드랍 구성 (개편)'!$X$61:$X$74),0)) -> 0.036697248
A16: 황금 (보너스) | B16: =MIN('드랍 구성 (개편)'!$Z$75:$Z$102) -> 7 | C16: =MAX('드랍 구성 (개편)'!$Z$75:$Z$102) -> 29 | D16: =SUMPRODUCT(--('드랍 구성 (개편)'!$Z$76:$Z$102<'드랍 구성 (개편)'!$Z$75:$Z$101)) -> 8 | E16: =MIN('드랍 구성 (개편)'!$V$75:$V$102) -> 18 | F16: =MAX('드랍 구성 (개편)'!$V$75:$V$102) -> 44 | G16: =SUMPRODUCT(--('드랍 구성 (개편)'!$V$76:$V$102<'드랍 구성 (개편)'!$V$75:$V$101)) -> 0 | H16: ='드랍 구성 (개편)'!$V$102/'드랍 구성 (개편)'!$V$75 -> 2.4444444 | I16: =MAX(INDEX(ABS('드랍 구성 (개편)'!$X$75:$X$102),0)) -> 0.045801527
A17: 전체 골드 오차 (확정 골드 합 ÷ 목표 골드 합 - 1) | F17: =SUM('드랍 구성 (개편)'!$AB$5:$AB$102)/SUMPRODUCT('드랍 구성 (개편)'!$E$5:$E$102,'드랍 구성 (개편)'!$F$5:$F$102)-1 -> 0.0014355567
A19: 3. 스테이지별 드랍 개수 · 주력 재화
A20: 스테이지 | B20: 허들 등급 | C20: 일반 개수 | D20: 공격 개수 | E20: 랜드마크 개수 | F20: 황금 개수 | G20: Ver02 일반 개수 | H20: 일반 주력 | I20: 공격 주력 | J20: 랜드마크 주력 | K20: 황금 주력 | L20: 신규 재화 데뷔
A21: ='스테이지별 골드'!C5 -> 1-1 | B21: ='허들 설계'!F5 -> 튜토리얼 | C21: =IFERROR(INDEX('드랍 구성 (개편)'!$V$5:$V$32,MATCH($A21,'드랍 구성 (개편)'!$B$5:$B$32,0)),"—") -> 10 | D21: =IFERROR(INDEX('드랍 구성 (개편)'!$V$33:$V$60,MATCH($A21,'드랍 구성 (개편)'!$B$33:$B$60,0)),"—") -> 12 | E21: =IFERROR(INDEX('드랍 구성 (개편)'!$V$61:$V$74,MATCH($A21,'드랍 구성 (개편)'!$B$61:$B$74,0)),"—") -> — | F21: =IFERROR(INDEX('드랍 구성 (개편)'!$V$75:$V$102,MATCH($A21,'드랍 구성 (개편)'!$B$75:$B$102,0)),"—") -> 18 | G21: =IFERROR(INDEX('드랍 구성 (개편)'!$Z$5:$Z$32,MATCH($A21,'드랍 구성 (개편)'!$B$5:$B$32,0)),"—") -> 10 | H21: =IFERROR(INDEX('드랍 구성 (개편)'!$Y$5:$Y$32,MATCH($A21,'드랍 구성 (개편)'!$B$5:$B$32,0)),"—") -> 금 코인 | I21: =IFERROR(INDEX('드랍 구성 (개편)'!$Y$33:$Y$60,MATCH($A21,'드랍 구성 (개편)'!$B$33:$B$60,0)),"—") -> 금 코인 | J21: =IFERROR(INDEX('드랍 구성 (개편)'!$Y$61:$Y$74,MATCH($A21,'드랍 구성 (개편)'!$B$61:$B$74,0)),"—") -> — | K21: =IFERROR(INDEX('드랍 구성 (개편)'!$Y$75:$Y$102,MATCH($A21,'드랍 구성 (개편)'!$B$75:$B$102,0)),"—") -> 금괴 | L21: ='허들 설계'!R5 -> 금 코인 · 금괴 (기본)
A22: ='스테이지별 골드'!C6 -> 1-2 | B22: ='허들 설계'!F6 -> 소허들 | C22: =IFERROR(INDEX('드랍 구성 (개편)'!$V$5:$V$32,MATCH($A22,'드랍 구성 (개편)'!$B$5:$B$32,0)),"—") -> 10 | D22: =IFERROR(INDEX('드랍 구성 (개편)'!$V$33:$V$60,MATCH($A22,'드랍 구성 (개편)'!$B$33:$B$60,0)),"—") -> 12 | E22: =IFERROR(INDEX('드랍 구성 (개편)'!$V$61:$V$74,MATCH($A22,'드랍 구성 (개편)'!$B$61:$B$74,0)),"—") -> 20 | F22: =IFERROR(INDEX('드랍 구성 (개편)'!$V$75:$V$102,MATCH($A22,'드랍 구성 (개편)'!$B$75:$B$102,0)),"—") -> 18 | G22: =IFERROR(INDEX('드랍 구성 (개편)'!$Z$5:$Z$32,MATCH($A22,'드랍 구성 (개편)'!$B$5:$B$32,0)),"—") -> 13 | H22: =IFERROR(INDEX('드랍 구성 (개편)'!$Y$5:$Y$32,MATCH($A22,'드랍 구성 (개편)'!$B$5:$B$32,0)),"—") -> 금 코인 | I22: =IFERROR(INDEX('드랍 구성 (개편)'!$Y$33:$Y$60,MATCH($A22,'드랍 구성 (개편)'!$B$33:$B$60,0)),"—") -> 금괴 | J22: =IFERROR(INDEX('드랍 구성 (개편)'!$Y$61:$Y$74,MATCH($A22,'드랍 구성 (개편)'!$B$61:$B$74,0)),"—") -> 금괴 | K22: =IFERROR(INDEX('드랍 구성 (개편)'!$Y$75:$Y$102,MATCH($A22,'드랍 구성 (개편)'!$B$75:$B$102,0)),"—") -> 금괴 | L22: ='허들 설계'!R6
A23: ='스테이지별 골드'!C7 -> 1-3 | B23: ='허들 설계'!F7 -> 평탄 | C23: =IFERROR(INDEX('드랍 구성 (개편)'!$V$5:$V$32,MATCH($A23,'드랍 구성 (개편)'!$B$5:$B$32,0)),"—") -> 10 | D23: =IFERROR(INDEX('드랍 구성 (개편)'!$V$33:$V$60,MATCH($A23,'드랍 구성 (개편)'!$B$33:$B$60,0)),"—") -> 12 | E23: =IFERROR(INDEX('드랍 구성 (개편)'!$V$61:$V$74,MATCH($A23,'드랍 구성 (개편)'!$B$61:$B$74,0)),"—") -> — | F23: =IFERROR(INDEX('드랍 구성 (개편)'!$V$75:$V$102,MATCH($A23,'드랍 구성 (개편)'!$B$75:$B$102,0)),"—") -> 19 | G23: =IFERROR(INDEX('드랍 구성 (개편)'!$Z$5:$Z$32,MATCH($A23,'드랍 구성 (개편)'!$B$5:$B$32,0)),"—") -> 15 | H23: =IFERROR(INDEX('드랍 구성 (개편)'!$Y$5:$Y$32,MATCH($A23,'드랍 구성 (개편)'!$B$5:$B$32,0)),"—") -> 금 코인 | I23: =IFERROR(INDEX('드랍 구성 (개편)'!$Y$33:$Y$60,MATCH($A23,'드랍 구성 (개편)'!$B$33:$B$60,0)),"—") -> 금괴 | J23: =IFERROR(INDEX('드랍 구성 (개편)'!$Y$61:$Y$74,MATCH($A23,'드랍 구성 (개편)'!$B$61:$B$74,0)),"—") -> — | K23: =IFERROR(INDEX('드랍 구성 (개편)'!$Y$75:$Y$102,MATCH($A23,'드랍 구성 (개편)'!$B$75:$B$102,0)),"—") -> 금괴 | L23: ='허들 설계'!R7
A24: ='스테이지별 골드'!C8 -> 1-4 | B24: ='허들 설계'!F8 -> 대허들 | C24: =IFERROR(INDEX('드랍 구성 (개편)'!$V$5:$V$32,MATCH($A24,'드랍 구성 (개편)'!$B$5:$B$32,0)),"—") -> 11 | D24: =IFERROR(INDEX('드랍 구성 (개편)'!$V$33:$V$60,MATCH($A24,'드랍 구성 (개편)'!$B$33:$B$60,0)),"—") -> 13 | E24: =IFERROR(INDEX('드랍 구성 (개편)'!$V$61:$V$74,MATCH($A24,'드랍 구성 (개편)'!$B$61:$B$74,0)),"—") -> 21 | F24: =IFERROR(INDEX('드랍 구성 (개편)'!$V$75:$V$102,MATCH($A24,'드랍 구성 (개편)'!$B$75:$B$102,0)),"—") -> 19 | G24: =IFERROR(INDEX('드랍 구성 (개편)'!$Z$5:$Z$32,MATCH($A24,'드랍 구성 (개편)'!$B$5:$B$32,0)),"—") -> 19 | H24: =IFERROR(INDEX('드랍 구성 (개편)'!$Y$5:$Y$32,MATCH($A24,'드랍 구성 (개편)'!$B$5:$B$32,0)),"—") -> 금괴 | I24: =IFERROR(INDEX('드랍 구성 (개편)'!$Y$33:$Y$60,MATCH($A24,'드랍 구성 (개편)'!$B$33:$B$60,0)),"—") -> 금괴 | J24: =IFERROR(INDEX('드랍 구성 (개편)'!$Y$61:$Y$74,MATCH($A24,'드랍 구성 (개편)'!$B$61:$B$74,0)),"—") -> 금괴 | K24: =IFERROR(INDEX('드랍 구성 (개편)'!$Y$75:$Y$102,MATCH($A24,'드랍 구성 (개편)'!$B$75:$B$102,0)),"—") -> 금괴 | L24: ='허들 설계'!R8 -> 사파이어
A25: ='스테이지별 골드'!C9 -> 2-1 | B25: ='허들 설계'!F9 -> 돌파 | C25: =IFERROR(INDEX('드랍 구성 (개편)'!$V$5:$V$32,MATCH($A25,'드랍 구성 (개편)'!$B$5:$B$32,0)),"—") -> 12 | D25: =IFERROR(INDEX('드랍 구성 (개편)'!$V$33:$V$60,MATCH($A25,'드랍 구성 (개편)'!$B$33:$B$60,0)),"—") -> 14 | E25: =IFERROR(INDEX('드랍 구성 (개편)'!$V$61:$V$74,MATCH($A25,'드랍 구성 (개편)'!$B$61:$B$74,0)),"—") -> — | F25: =IFERROR(INDEX('드랍 구성 (개편)'!$V$75:$V$102,MATCH($A25,'드랍 구성 (개편)'!$B$75:$B$102,0)),"—") -> 21 | G25: =IFERROR(INDEX('드랍 구성 (개편)'!$Z$5:$Z$32,MATCH($A25,'드랍 구성 (개편)'!$B$5:$B$32,0)),"—") -> 23 | H25: =IFERROR(INDEX('드랍 구성 (개편)'!$Y$5:$Y$32,MATCH($A25,'드랍 구성 (개편)'!$B$5:$B$32,0)),"—") -> 금괴 | I25: =IFERROR(INDEX('드랍 구성 (개편)'!$Y$33:$Y$60,MATCH($A25,'드랍 구성 (개편)'!$B$33:$B$60,0)),"—") -> 금괴 | J25: =IFERROR(INDEX('드랍 구성 (개편)'!$Y$61:$Y$74,MATCH($A25,'드랍 구성 (개편)'!$B$61:$B$74,0)),"—") -> — | K25: =IFERROR(INDEX('드랍 구성 (개편)'!$Y$75:$Y$102,MATCH($A25,'드랍 구성 (개편)'!$B$75:$B$102,0)),"—") -> 금괴 | L25: ='허들 설계'!R9
A26: ='스테이지별 골드'!C10 -> 2-2 | B26: ='허들 설계'!F10 -> 소허들 | C26: =IFERROR(INDEX('드랍 구성 (개편)'!$V$5:$V$32,MATCH($A26,'드랍 구성 (개편)'!$B$5:$B$32,0)),"—") -> 12 | D26: =IFERROR(INDEX('드랍 구성 (개편)'!$V$33:$V$60,MATCH($A26,'드랍 구성 (개편)'!$B$33:$B$60,0)),"—") -> 14 | E26: =IFERROR(INDEX('드랍 구성 (개편)'!$V$61:$V$74,MATCH($A26,'드랍 구성 (개편)'!$B$61:$B$74,0)),"—") -> 22 | F26: =IFERROR(INDEX('드랍 구성 (개편)'!$V$75:$V$102,MATCH($A26,'드랍 구성 (개편)'!$B$75:$B$102,0)),"—") -> 21 | G26: =IFERROR(INDEX('드랍 구성 (개편)'!$Z$5:$Z$32,MATCH($A26,'드랍 구성 (개편)'!$B$5:$B$32,0)),"—") -> 9 | H26: =IFERROR(INDEX('드랍 구성 (개편)'!$Y$5:$Y$32,MATCH($A26,'드랍 구성 (개편)'!$B$5:$B$32,0)),"—") -> 금괴 | I26: =IFERROR(INDEX('드랍 구성 (개편)'!$Y$33:$Y$60,MATCH($A26,'드랍 구성 (개편)'!$B$33:$B$60,0)),"—") -> 금괴 | J26: =IFERROR(INDEX('드랍 구성 (개편)'!$Y$61:$Y$74,MATCH($A26,'드랍 구성 (개편)'!$B$61:$B$74,0)),"—") -> 사파이어 | K26: =IFERROR(INDEX('드랍 구성 (개편)'!$Y$75:$Y$102,MATCH($A26,'드랍 구성 (개편)'!$B$75:$B$102,0)),"—") -> 금괴 | L26: ='허들 설계'!R10
A27: ='스테이지별 골드'!C11 -> 2-3 | B27: ='허들 설계'!F11 -> 평탄 | C27: =IFERROR(INDEX('드랍 구성 (개편)'!$V$5:$V$32,MATCH($A27,'드랍 구성 (개편)'!$B$5:$B$32,0)),"—") -> 12 | D27: =IFERROR(INDEX('드랍 구성 (개편)'!$V$33:$V$60,MATCH($A27,'드랍 구성 (개편)'!$B$33:$B$60,0)),"—") -> 14 | E27: =IFERROR(INDEX('드랍 구성 (개편)'!$V$61:$V$74,MATCH($A27,'드랍 구성 (개편)'!$B$61:$B$74,0)),"—") -> — | F27: =IFERROR(INDEX('드랍 구성 (개편)'!$V$75:$V$102,MATCH($A27,'드랍 구성 (개편)'!$B$75:$B$102,0)),"—") -> 21 | G27: =IFERROR(INDEX('드랍 구성 (개편)'!$Z$5:$Z$32,MATCH($A27,'드랍 구성 (개편)'!$B$5:$B$32,0)),"—") -> 7 | H27: =IFERROR(INDEX('드랍 구성 (개편)'!$Y$5:$Y$32,MATCH($A27,'드랍 구성 (개편)'!$B$5:$B$32,0)),"—") -> 금괴 | I27: =IFERROR(INDEX('드랍 구성 (개편)'!$Y$33:$Y$60,MATCH($A27,'드랍 구성 (개편)'!$B$33:$B$60,0)),"—") -> 금괴 | J27: =IFERROR(INDEX('드랍 구성 (개편)'!$Y$61:$Y$74,MATCH($A27,'드랍 구성 (개편)'!$B$61:$B$74,0)),"—") -> — | K27: =IFERROR(INDEX('드랍 구성 (개편)'!$Y$75:$Y$102,MATCH($A27,'드랍 구성 (개편)'!$B$75:$B$102,0)),"—") -> 금괴 | L27: ='허들 설계'!R11
A28: ='스테이지별 골드'!C12 -> 2-4 | B28: ='허들 설계'!F12 -> 대허들 | C28: =IFERROR(INDEX('드랍 구성 (개편)'!$V$5:$V$32,MATCH($A28,'드랍 구성 (개편)'!$B$5:$B$32,0)),"—") -> 12 | D28: =IFERROR(INDEX('드랍 구성 (개편)'!$V$33:$V$60,MATCH($A28,'드랍 구성 (개편)'!$B$33:$B$60,0)),"—") -> 15 | E28: =IFERROR(INDEX('드랍 구성 (개편)'!$V$61:$V$74,MATCH($A28,'드랍 구성 (개편)'!$B$61:$B$74,0)),"—") -> 23 | F28: =IFERROR(INDEX('드랍 구성 (개편)'!$V$75:$V$102,MATCH($A28,'드랍 구성 (개편)'!$B$75:$B$102,0)),"—") -> 22 | G28: =IFERROR(INDEX('드랍 구성 (개편)'!$Z$5:$Z$32,MATCH($A28,'드랍 구성 (개편)'!$B$5:$B$32,0)),"—") -> 12 | H28: =IFERROR(INDEX('드랍 구성 (개편)'!$Y$5:$Y$32,MATCH($A28,'드랍 구성 (개편)'!$B$5:$B$32,0)),"—") -> 금괴 | I28: =IFERROR(INDEX('드랍 구성 (개편)'!$Y$33:$Y$60,MATCH($A28,'드랍 구성 (개편)'!$B$33:$B$60,0)),"—") -> 금괴 | J28: =IFERROR(INDEX('드랍 구성 (개편)'!$Y$61:$Y$74,MATCH($A28,'드랍 구성 (개편)'!$B$61:$B$74,0)),"—") -> 사파이어 | K28: =IFERROR(INDEX('드랍 구성 (개편)'!$Y$75:$Y$102,MATCH($A28,'드랍 구성 (개편)'!$B$75:$B$102,0)),"—") -> 사파이어 | L28: ='허들 설계'!R12
A29: ='스테이지별 골드'!C13 -> 3-1 | B29: ='허들 설계'!F13 -> 돌파 | C29: =IFERROR(INDEX('드랍 구성 (개편)'!$V$5:$V$32,MATCH($A29,'드랍 구성 (개편)'!$B$5:$B$32,0)),"—") -> 13 | D29: =IFERROR(INDEX('드랍 구성 (개편)'!$V$33:$V$60,MATCH($A29,'드랍 구성 (개편)'!$B$33:$B$60,0)),"—") -> 16 | E29: =IFERROR(INDEX('드랍 구성 (개편)'!$V$61:$V$74,MATCH($A29,'드랍 구성 (개편)'!$B$61:$B$74,0)),"—") -> — | F29: =IFERROR(INDEX('드랍 구성 (개편)'!$V$75:$V$102,MATCH($A29,'드랍 구성 (개편)'!$B$75:$B$102,0)),"—") -> 24 | G29: =IFERROR(INDEX('드랍 구성 (개편)'!$Z$5:$Z$32,MATCH($A29,'드랍 구성 (개편)'!$B$5:$B$32,0)),"—") -> 13 | H29: =IFERROR(INDEX('드랍 구성 (개편)'!$Y$5:$Y$32,MATCH($A29,'드랍 구성 (개편)'!$B$5:$B$32,0)),"—") -> 금괴 | I29: =IFERROR(INDEX('드랍 구성 (개편)'!$Y$33:$Y$60,MATCH($A29,'드랍 구성 (개편)'!$B$33:$B$60,0)),"—") -> 금괴 | J29: =IFERROR(INDEX('드랍 구성 (개편)'!$Y$61:$Y$74,MATCH($A29,'드랍 구성 (개편)'!$B$61:$B$74,0)),"—") -> — | K29: =IFERROR(INDEX('드랍 구성 (개편)'!$Y$75:$Y$102,MATCH($A29,'드랍 구성 (개편)'!$B$75:$B$102,0)),"—") -> 사파이어 | L29: ='허들 설계'!R13
A30: ='스테이지별 골드'!C14 -> 3-2 | B30: ='허들 설계'!F14 -> 소허들 | C30: =IFERROR(INDEX('드랍 구성 (개편)'!$V$5:$V$32,MATCH($A30,'드랍 구성 (개편)'!$B$5:$B$32,0)),"—") -> 14 | D30: =IFERROR(INDEX('드랍 구성 (개편)'!$V$33:$V$60,MATCH($A30,'드랍 구성 (개편)'!$B$33:$B$60,0)),"—") -> 16 | E30: =IFERROR(INDEX('드랍 구성 (개편)'!$V$61:$V$74,MATCH($A30,'드랍 구성 (개편)'!$B$61:$B$74,0)),"—") -> 25 | F30: =IFERROR(INDEX('드랍 구성 (개편)'!$V$75:$V$102,MATCH($A30,'드랍 구성 (개편)'!$B$75:$B$102,0)),"—") -> 24 | G30: =IFERROR(INDEX('드랍 구성 (개편)'!$Z$5:$Z$32,MATCH($A30,'드랍 구성 (개편)'!$B$5:$B$32,0)),"—") -> 14 | H30: =IFERROR(INDEX('드랍 구성 (개편)'!$Y$5:$Y$32,MATCH($A30,'드랍 구성 (개편)'!$B$5:$B$32,0)),"—") -> 금괴 | I30: =IFERROR(INDEX('드랍 구성 (개편)'!$Y$33:$Y$60,MATCH($A30,'드랍 구성 (개편)'!$B$33:$B$60,0)),"—") -> 금괴 | J30: =IFERROR(INDEX('드랍 구성 (개편)'!$Y$61:$Y$74,MATCH($A30,'드랍 구성 (개편)'!$B$61:$B$74,0)),"—") -> 사파이어 | K30: =IFERROR(INDEX('드랍 구성 (개편)'!$Y$75:$Y$102,MATCH($A30,'드랍 구성 (개편)'!$B$75:$B$102,0)),"—") -> 사파이어 | L30: ='허들 설계'!R14
A31: ='스테이지별 골드'!C15 -> 3-3 | B31: ='허들 설계'!F15 -> 평탄 | C31: =IFERROR(INDEX('드랍 구성 (개편)'!$V$5:$V$32,MATCH($A31,'드랍 구성 (개편)'!$B$5:$B$32,0)),"—") -> 14 | D31: =IFERROR(INDEX('드랍 구성 (개편)'!$V$33:$V$60,MATCH($A31,'드랍 구성 (개편)'!$B$33:$B$60,0)),"—") -> 17 | E31: =IFERROR(INDEX('드랍 구성 (개편)'!$V$61:$V$74,MATCH($A31,'드랍 구성 (개편)'!$B$61:$B$74,0)),"—") -> — | F31: =IFERROR(INDEX('드랍 구성 (개편)'!$V$75:$V$102,MATCH($A31,'드랍 구성 (개편)'!$B$75:$B$102,0)),"—") -> 25 | G31: =IFERROR(INDEX('드랍 구성 (개편)'!$Z$5:$Z$32,MATCH($A31,'드랍 구성 (개편)'!$B$5:$B$32,0)),"—") -> 16 | H31: =IFERROR(INDEX('드랍 구성 (개편)'!$Y$5:$Y$32,MATCH($A31,'드랍 구성 (개편)'!$B$5:$B$32,0)),"—") -> 금괴 | I31: =IFERROR(INDEX('드랍 구성 (개편)'!$Y$33:$Y$60,MATCH($A31,'드랍 구성 (개편)'!$B$33:$B$60,0)),"—") -> 금괴 | J31: =IFERROR(INDEX('드랍 구성 (개편)'!$Y$61:$Y$74,MATCH($A31,'드랍 구성 (개편)'!$B$61:$B$74,0)),"—") -> — | K31: =IFERROR(INDEX('드랍 구성 (개편)'!$Y$75:$Y$102,MATCH($A31,'드랍 구성 (개편)'!$B$75:$B$102,0)),"—") -> 사파이어 | L31: ='허들 설계'!R15
A32: ='스테이지별 골드'!C16 -> 3-4 | B32: ='허들 설계'!F16 -> 대허들 | C32: =IFERROR(INDEX('드랍 구성 (개편)'!$V$5:$V$32,MATCH($A32,'드랍 구성 (개편)'!$B$5:$B$32,0)),"—") -> 14 | D32: =IFERROR(INDEX('드랍 구성 (개편)'!$V$33:$V$60,MATCH($A32,'드랍 구성 (개편)'!$B$33:$B$60,0)),"—") -> 17 | E32: =IFERROR(INDEX('드랍 구성 (개편)'!$V$61:$V$74,MATCH($A32,'드랍 구성 (개편)'!$B$61:$B$74,0)),"—") -> 25 | F32: =IFERROR(INDEX('드랍 구성 (개편)'!$V$75:$V$102,MATCH($A32,'드랍 구성 (개편)'!$B$75:$B$102,0)),"—") -> 25 | G32: =IFERROR(INDEX('드랍 구성 (개편)'!$Z$5:$Z$32,MATCH($A32,'드랍 구성 (개편)'!$B$5:$B$32,0)),"—") -> 20 | H32: =IFERROR(INDEX('드랍 구성 (개편)'!$Y$5:$Y$32,MATCH($A32,'드랍 구성 (개편)'!$B$5:$B$32,0)),"—") -> 금괴 | I32: =IFERROR(INDEX('드랍 구성 (개편)'!$Y$33:$Y$60,MATCH($A32,'드랍 구성 (개편)'!$B$33:$B$60,0)),"—") -> 사파이어 | J32: =IFERROR(INDEX('드랍 구성 (개편)'!$Y$61:$Y$74,MATCH($A32,'드랍 구성 (개편)'!$B$61:$B$74,0)),"—") -> 사파이어 | K32: =IFERROR(INDEX('드랍 구성 (개편)'!$Y$75:$Y$102,MATCH($A32,'드랍 구성 (개편)'!$B$75:$B$102,0)),"—") -> 사파이어 | L32: ='허들 설계'!R16 -> 루비
... A48: ='스테이지별 골드'!C32 -> 7-4 | B48: ='허들 설계'!F32 -> 대허들 | C48: =IFERROR(INDEX('드랍 구성 (개편)'!$V$5:$V$32,MATCH($A48,'드랍 구성 (개편)'!$B$5:$B$32,0)),"—") -> 26 | D48: =IFERROR(INDEX('드랍 구성 (개편)'!$V$33:$V$60,MATCH($A48,'드랍 구성 (개편)'!$B$33:$B$60,0)),"—") -> 31 | E48: =IFERROR(INDEX('드랍 구성 (개편)'!$V$61:$V$74,MATCH($A48,'드랍 구성 (개편)'!$B$61:$B$74,0)),"—") -> 37 | F48: =IFERROR(INDEX('드랍 구성 (개편)'!$V$75:$V$102,MATCH($A48,'드랍 구성 (개편)'!$B$75:$B$102,0)),"—") -> 44 | G48: =IFERROR(INDEX('드랍 구성 (개편)'!$Z$5:$Z$32,MATCH($A48,'드랍 구성 (개편)'!$B$5:$B$32,0)),"—") -> 6 | H48: =IFERROR(INDEX('드랍 구성 (개편)'!$Y$5:$Y$32,MATCH($A48,'드랍 구성 (개편)'!$B$5:$B$32,0)),"—") -> 루비 | I48: =IFERROR(INDEX('드랍 구성 (개편)'!$Y$33:$Y$60,MATCH($A48,'드랍 구성 (개편)'!$B$33:$B$60,0)),"—") -> 루비 | J48: =IFERROR(INDEX('드랍 구성 (개편)'!$Y$61:$Y$74,MATCH($A48,'드랍 구성 (개편)'!$B$61:$B$74,0)),"—") -> 다이아몬드 | K48: =IFERROR(INDEX('드랍 구성 (개편)'!$Y$75:$Y$102,MATCH($A48,'드랍 구성 (개편)'!$B$75:$B$102,0)),"—") -> 다이아몬드 | L48: ='허들 설계'!R32 -> 왕관

Sheet 설정
A1: 재화 배치 임시값 · 설정
A2: 파란 글씨 = 수정 가능한 입력값 / 노란 칸 = 핵심 가정 / 검정 = 수식 / 초록 = 다른 시트 참조. 입력값을 바꾸면 모든 시트가 다시 계산됩니다.
A4: 항목 | B4: 값 | C4: 단위 | D4: 설명
A5: 골드 계수 (체력 1당 골드) | B5: 0.1 | C5: 골드/체력 | D5: 건물 1개 골드 = 체력 × 골드 계수 × 유형 배율 (반올림). 체력에 비례해 시대가 갈수록 자연스럽게 증가
A6: 유형 배율: 일반 건물 | B6: 1 | C6: 배 | D6: 기준
A7: 유형 배율: 공격 건물 | B7: 1.2 | C7: 배 | D7: 드래곤을 공격하는 위험 보상. 체력이 일반의 약 1.3배라 실제 골드는 일반의 약 1.56배
A8: 유형 배율: 랜드마크 | B8: 1.5 | C8: 배 | D8: 짝수 스테이지 관문. 체력이 일반의 5배라 실제 골드는 일반의 7.5배
A9: 유형 배율: 황금 건물 | B9: 3 | C9: 배 | D9: 보너스 스테이지 잭팟. 체력이 일반의 1.5배라 실제 골드는 일반의 4.5배. 전부 부수면 보너스가 스테이지보다 많지만, 기력 제한으로 일부만 부수는 것을 전제
A10: 최소 드랍 개수 | B10: 5 | C10: 개 | D10: 건물 1개가 최소 이 개수 이상 쏟아지도록, 가능한 가장 높은 등급의 재화를 고름
A13: 인게임 드랍 자원
A14: 재화 | B14: 환산 골드 | C14: 첫 등장 (계산) | D14: 비고
A15: 금 코인 | B15: 1 | C15: =IFERROR(INDEX('드랍 구성'!$A$5:$A$102,MATCH(TRUE,INDEX('드랍 구성'!$J$5:$J$102>0,0),0))&" "&INDEX('드랍 구성'!$B$5:$B$102,MATCH(TRUE,INDEX('드랍 구성'!$J$5:$J$102>0,0),0)),"등장 안 함") -> 1-1 일반 | D15: 잔돈 처리용, 항상 드랍 가능
A16: 금괴 | B16: 5 | C16: =IFERROR(INDEX('드랍 구성'!$A$5:$A$102,MATCH(TRUE,INDEX('드랍 구성'!$I$5:$I$102>0,0),0))&" "&INDEX('드랍 구성'!$B$5:$B$102,MATCH(TRUE,INDEX('드랍 구성'!$I$5:$I$102>0,0),0)),"등장 안 함") -> 1-1 황금 (보너스)
A17: 사파이어 | B17: 25 | C17: =IFERROR(INDEX('드랍 구성'!$A$5:$A$102,MATCH(TRUE,INDEX('드랍 구성'!$H$5:$H$102>0,0),0))&" "&INDEX('드랍 구성'!$B$5:$B$102,MATCH(TRUE,INDEX('드랍 구성'!$H$5:$H$102>0,0),0)),"등장 안 함") -> 1-4 랜드마크
A18: 루비 | B18: 100 | C18: =IFERROR(INDEX('드랍 구성'!$A$5:$A$102,MATCH(TRUE,INDEX('드랍 구성'!$G$5:$G$102>0,0),0))&" "&INDEX('드랍 구성'!$B$5:$B$102,MATCH(TRUE,INDEX('드랍 구성'!$G$5:$G$102>0,0),0)),"등장 안 함") -> 3-4 랜드마크
A19: 다이아몬드 | B19: 500 | C19: =IFERROR(INDEX('드랍 구성'!$A$5:$A$102,MATCH(TRUE,INDEX('드랍 구성'!$F$5:$F$102>0,0),0))&" "&INDEX('드랍 구성'!$B$5:$B$102,MATCH(TRUE,INDEX('드랍 구성'!$F$5:$F$102>0,0),0)),"등장 안 함") -> 5-2 랜드마크
A20: 왕관 | B20: 1000 | C20: =IFERROR(INDEX('드랍 구성'!$A$5:$A$102,MATCH(TRUE,INDEX('드랍 구성'!$E$5:$E$102>0,0),0))&" "&INDEX('드랍 구성'!$B$5:$B$102,MATCH(TRUE,INDEX('드랍 구성'!$E$5:$E$102>0,0),0)),"등장 안 함") -> 6-2 랜드마크
A23: 개편안 (Ver03) · 건물 유형별 드랍 개수 곡선
A24: 목표 개수 = 기준 개수 × (1+스테이지당 증가율)^(순번-1) × (1+시대 돌파 증가율)^(시대-1). 개수는 스테이지마다 늘거나 유지되고, 새 시대에 들어서면 한 단계 더 늘어남.
A25: 건물 유형 | B25: 1-1 기준 개수 | C25: 스테이지당 증가율 | D25: 시대 돌파 증가율 | E25: 데뷔 지연 (스테이지) | F25: 설계 의도
A26: 일반 | B26: 10 | C26: 0.02 | D26: 0.07 | E26: 1 | F26: 기준선. 끝까지 2종 블렌드로 루비까지 도달, 다이아·왕관은 주지 않음
A27: 공격 | B27: 12 | C27: 0.02 | D27: 0.07 | E27: 1 | F27: 위험 보상. 일반보다 개수 20% 많고 상위 재화 비중이 반 시대 정도 앞섬
A28: 랜드마크 | B28: 20 | C28: 0.012 | D28: 0.05 | E28: 0 | F28: 관문·보스. 신규 재화가 처음 등장하는 무대 (데뷔 지연 0)
A29: 황금 (보너스) | B29: 18 | C29: 0.02 | D29: 0.06 | E29: 0 | F29: 잭팟. 가장 많이 쏟아지는 건물. 신규 재화를 보스 직후 보너스에서 바로 지급
A31: 재화 데뷔 일정 (대허들 돌파 보상)
A32: 각 재화는 데뷔 순번 + 데뷔 지연 이후 스테이지부터 드랍 가능 (1-1 기본 재화는 지연 없음). 홀수 시대 보스(x-4 랜드마크)에서 데뷔하고, 짝수 시대 보스에서 주력으로 승격되도록 맞춤.
A33: 재화 | B33: 데뷔 스테이지 | C33: 데뷔 순번 | D33: 비고
A34: =A15 -> 금 코인 | B34: 1-1 | C34: =(VALUE(LEFT(B34,1))-1)*4+VALUE(RIGHT(B34,1)) -> 1 | D34: 기본 재화
A35: =A16 -> 금괴 | B35: 1-1 | C35: =(VALUE(LEFT(B35,1))-1)*4+VALUE(RIGHT(B35,1)) -> 1 | D35: 기본 재화 (원시 시대는 코인→금괴 블렌드)
A36: =A17 -> 사파이어 | B36: 1-4 | C36: =(VALUE(LEFT(B36,1))-1)*4+VALUE(RIGHT(B36,1)) -> 4 | D36: 원시 보스 랜드마크에서 데뷔
A37: =A18 -> 루비 | B37: 3-4 | C37: =(VALUE(LEFT(B37,1))-1)*4+VALUE(RIGHT(B37,1)) -> 12 | D37: 중세 보스 랜드마크에서 데뷔
A38: =A19 -> 다이아몬드 | B38: 5-4 | C38: =(VALUE(LEFT(B38,1))-1)*4+VALUE(RIGHT(B38,1)) -> 20 | D38: 현대 보스 랜드마크에서 데뷔
A39: =A20 -> 왕관 | B39: 7-4 | C39: =(VALUE(LEFT(B39,1))-1)*4+VALUE(RIGHT(B39,1)) -> 28 | D39: 최종 보스(화성) 전용 엔딩 재화
A41: 허들 설계 기준
A42: 목표 반복 횟수 = 다음 스테이지로 가기 위해 직전 스테이지를 몇 번 플레이해야 하는지 (업그레이드 비용 설계 목표). 체력 배율은 레벨 디자인 원본 체력에 곱하는 제안값이며 골드 계산에는 쓰지 않음.
A43: 허들 등급 | B43: 목표 반복 횟수 | C43: 시대당 추가 반복 | D43: 체력 배율: 일반 | E43: 체력 배율: 공격 | F43: 체력 배율: 랜드마크 | G43: 설명
A44: 튜토리얼 | B44: 1 | C44: 0 | D44: 1 | E44: 1 | F44: 1 | G44: 1-1. 첫 업그레이드 없이 클리어
A45: 돌파 | B45: 1 | C45: 0 | D45: 0.9 | E45: 0.9 | F45: 0.9 | G45: x-1. 보스를 넘은 직후: 체력을 살짝 낮춰 "강해졌다"는 쾌감 + 새 시대 개수 증가
A46: 평탄 | B46: 1 | C46: 0 | D46: 1 | E46: 1 | F46: 1 | G46: x-3. 원본 곡선 그대로, 1회 클리어로 진행
A47: 소허들 | B47: 1.5 | C47: 0 | D47: 1 | E47: 1 | F47: 1.1 | G47: x-2. 지역 랜드마크 관문, 반 번 정도 추가 파밍
A48: 대허들 | B48: 2 | C48: 0.5 | D48: 1 | E48: 1.3 | F48: 1.3 | G48: x-4. 시대 보스. 공격 건물·랜드마크 체력 상향, 시대가 갈수록 벽이 높아짐 (2회→5회)
A50: 보너스 스테이지 기대 획득률 | B50: 0.3 | C50: % | D50: 기력 제한으로 황금 건물을 일부만 부순다는 전제 (1회 기대 골드 계산용)

Sheet 스테이지별 골드
A1: 스테이지별 골드 배치 (임시값)
A2: 건물 수·체력은 레벨 디자인 Ver03 p07~p09 원본 값(파란 글씨). 골드는 설정 시트의 계수로 계산. 중세 지역 순서는 p07~p09 표 기준(독일 → 프랑스).
A3: 스테이지 | D3: 건물 수 (p07) | G3: 건물 체력 (p08) | J3: 건물별 골드 | N3: 보너스 스테이지 (p09) | R3: 합계
A4: 시대 | B4: 지역 | C4: 스테이지 | D4: 일반 | E4: 공격 | F4: 랜드마크 | G4: 일반 | H4: 공격 | I4: 랜드마크 | J4: 일반 1개 | K4: 공격 1개 | L4: 랜드마크 | M4: 스테이지 합계 | N4: 황금 건물 수 | O4: 황금 체력 | P4: 황금 1개 | Q4: 보너스 합계 | R4: 스테이지 + 보너스 | S4: 누적 골드
A5: 원시 | B5: 공룡 | C5: 1-1 | D5: 9 | E5: 1 | F5: 0 | G5: 100 | H5: 130 | I5: 0 | J5: =ROUND(G5*설정!$B$5*설정!$B$6,0) -> 10 | K5: =ROUND(H5*설정!$B$5*설정!$B$7,0) -> 16 | L5: =IF(F5=0,0,ROUND(I5*설정!$B$5*설정!$B$8,0)) -> 0 | M5: =D5*J5+E5*K5+F5*L5 -> 106 | N5: 10 | O5: 150 | P5: =ROUND(O5*설정!$B$5*설정!$B$9,0) -> 45 | Q5: =N5*P5 -> 450 | R5: =M5+Q5 -> 556 | S5: =SUM($R$5:R5) -> 556
A6: 원시 | B6: 공룡 | C6: 1-2 | D6: 10 | E6: 2 | F6: 1 | G6: 125 | H6: 165 | I6: 625 | J6: =ROUND(G6*설정!$B$5*설정!$B$6,0) -> 13 | K6: =ROUND(H6*설정!$B$5*설정!$B$7,0) -> 20 | L6: =IF(F6=0,0,ROUND(I6*설정!$B$5*설정!$B$8,0)) -> 94 | M6: =D6*J6+E6*K6+F6*L6 -> 264 | N6: 10 | O6: 188 | P6: =ROUND(O6*설정!$B$5*설정!$B$9,0) -> 56 | Q6: =N6*P6 -> 560 | R6: =M6+Q6 -> 824 | S6: =SUM($R$5:R6) -> 1380
A7: 원시 | B7: 원시인 | C7: 1-3 | D7: 11 | E7: 2 | F7: 0 | G7: 150 | H7: 200 | I7: 0 | J7: =ROUND(G7*설정!$B$5*설정!$B$6,0) -> 15 | K7: =ROUND(H7*설정!$B$5*설정!$B$7,0) -> 24 | L7: =IF(F7=0,0,ROUND(I7*설정!$B$5*설정!$B$8,0)) -> 0 | M7: =D7*J7+E7*K7+F7*L7 -> 213 | N7: 11 | O7: 225 | P7: =ROUND(O7*설정!$B$5*설정!$B$9,0) -> 68 | Q7: =N7*P7 -> 748 | R7: =M7+Q7 -> 961 | S7: =SUM($R$5:R7) -> 2341
A8: 원시 | B8: 원시인 | C8: 1-4 | D8: 12 | E8: 3 | F8: 1 | G8: 190 | H8: 250 | I8: 950 | J8: =ROUND(G8*설정!$B$5*설정!$B$6,0) -> 19 | K8: =ROUND(H8*설정!$B$5*설정!$B$7,0) -> 30 | L8: =IF(F8=0,0,ROUND(I8*설정!$B$5*설정!$B$8,0)) -> 143 | M8: =D8*J8+E8*K8+F8*L8 -> 461 | N8: 11 | O8: 285 | P8: =ROUND(O8*설정!$B$5*설정!$B$9,0) -> 86 | Q8: =N8*P8 -> 946 | R8: =M8+Q8 -> 1407 | S8: =SUM($R$5:R8) -> 3748
A9: 고대 | B9: 이집트 | C9: 2-1 | D9: 13 | E9: 3 | F9: 0 | G9: 230 | H9: 300 | I9: 0 | J9: =ROUND(G9*설정!$B$5*설정!$B$6,0) -> 23 | K9: =ROUND(H9*설정!$B$5*설정!$B$7,0) -> 36 | L9: =IF(F9=0,0,ROUND(I9*설정!$B$5*설정!$B$8,0)) -> 0 | M9: =D9*J9+E9*K9+F9*L9 -> 407 | N9: 12 | O9: 345 | P9: =ROUND(O9*설정!$B$5*설정!$B$9,0) -> 104 | Q9: =N9*P9 -> 1248 | R9: =M9+Q9 -> 1655 | S9: =SUM($R$5:R9) -> 5403
A10: 고대 | B10: 이집트 | C10: 2-2 | D10: 14 | E10: 4 | F10: 1 | G10: 290 | H10: 380 | I10: 1450 | J10: =ROUND(G10*설정!$B$5*설정!$B$6,0) -> 29 | K10: =ROUND(H10*설정!$B$5*설정!$B$7,0) -> 46 | L10: =IF(F10=0,0,ROUND(I10*설정!$B$5*설정!$B$8,0)) -> 218 | M10: =D10*J10+E10*K10+F10*L10 -> 808 | N10: 12 | O10: 435 | P10: =ROUND(O10*설정!$B$5*설정!$B$9,0) -> 131 | Q10: =N10*P10 -> 1572 | R10: =M10+Q10 -> 2380 | S10: =SUM($R$5:R10) -> 7783
A11: 고대 | B11: 그리스 | C11: 2-3 | D11: 15 | E11: 4 | F11: 0 | G11: 350 | H11: 460 | I11: 0 | J11: =ROUND(G11*설정!$B$5*설정!$B$6,0) -> 35 | K11: =ROUND(H11*설정!$B$5*설정!$B$7,0) -> 55 | L11: =IF(F11=0,0,ROUND(I11*설정!$B$5*설정!$B$8,0)) -> 0 | M11: =D11*J11+E11*K11+F11*L11 -> 745 | N11: 13 | O11: 525 | P11: =ROUND(O11*설정!$B$5*설정!$B$9,0) -> 158 | Q11: =N11*P11 -> 2054 | R11: =M11+Q11 -> 2799 | S11: =SUM($R$5:R11) -> 10582
A12: 고대 | B12: 그리스 | C12: 2-4 | D12: 16 | E12: 5 | F12: 1 | G12: 440 | H12: 575 | I12: 2200 | J12: =ROUND(G12*설정!$B$5*설정!$B$6,0) -> 44 | K12: =ROUND(H12*설정!$B$5*설정!$B$7,0) -> 69 | L12: =IF(F12=0,0,ROUND(I12*설정!$B$5*설정!$B$8,0)) -> 330 | M12: =D12*J12+E12*K12+F12*L12 -> 1379 | N12: 13 | O12: 660 | P12: =ROUND(O12*설정!$B$5*설정!$B$9,0) -> 198 | Q12: =N12*P12 -> 2574 | R12: =M12+Q12 -> 3953 | S12: =SUM($R$5:R12) -> 14535
A13: 중세 | B13: 프랑스 | C13: 3-1 | D13: 17 | E13: 5 | F13: 0 | G13: 530 | H13: 700 | I13: 0 | J13: =ROUND(G13*설정!$B$5*설정!$B$6,0) -> 53 | K13: =ROUND(H13*설정!$B$5*설정!$B$7,0) -> 84 | L13: =IF(F13=0,0,ROUND(I13*설정!$B$5*설정!$B$8,0)) -> 0 | M13: =D13*J13+E13*K13+F13*L13 -> 1321 | N13: 14 | O13: 795 | P13: =ROUND(O13*설정!$B$5*설정!$B$9,0) -> 239 | Q13: =N13*P13 -> 3346 | R13: =M13+Q13 -> 4667 | S13: =SUM($R$5:R13) -> 19202
A14: 중세 | B14: 프랑스 | C14: 3-2 | D14: 18 | E14: 6 | F14: 1 | G14: 660 | H14: 860 | I14: 3300 | J14: =ROUND(G14*설정!$B$5*설정!$B$6,0) -> 66 | K14: =ROUND(H14*설정!$B$5*설정!$B$7,0) -> 103 | L14: =IF(F14=0,0,ROUND(I14*설정!$B$5*설정!$B$8,0)) -> 495 | M14: =D14*J14+E14*K14+F14*L14 -> 2301 | N14: 14 | O14: 990 | P14: =ROUND(O14*설정!$B$5*설정!$B$9,0) -> 297 | Q14: =N14*P14 -> 4158 | R14: =M14+Q14 -> 6459 | S14: =SUM($R$5:R14) -> 25661
A15: 중세 | B15: 독일 | C15: 3-3 | D15: 19 | E15: 6 | F15: 0 | G15: 800 | H15: 1050 | I15: 0 | J15: =ROUND(G15*설정!$B$5*설정!$B$6,0) -> 80 | K15: =ROUND(H15*설정!$B$5*설정!$B$7,0) -> 126 | L15: =IF(F15=0,0,ROUND(I15*설정!$B$5*설정!$B$8,0)) -> 0 | M15: =D15*J15+E15*K15+F15*L15 -> 2276 | N15: 15 | O15: 1200 | P15: =ROUND(O15*설정!$B$5*설정!$B$9,0) -> 360 | Q15: =N15*P15 -> 5400 | R15: =M15+Q15 -> 7676 | S15: =SUM($R$5:R15) -> 33337
A16: 중세 | B16: 독일 | C16: 3-4 | D16: 20 | E16: 7 | F16: 1 | G16: 1000 | H16: 1300 | I16: 5000 | J16: =ROUND(G16*설정!$B$5*설정!$B$6,0) -> 100 | K16: =ROUND(H16*설정!$B$5*설정!$B$7,0) -> 156 | L16: =IF(F16=0,0,ROUND(I16*설정!$B$5*설정!$B$8,0)) -> 750 | M16: =D16*J16+E16*K16+F16*L16 -> 3842 | N16: 15 | O16: 1500 | P16: =ROUND(O16*설정!$B$5*설정!$B$9,0) -> 450 | Q16: =N16*P16 -> 6750 | R16: =M16+Q16 -> 10592 | S16: =SUM($R$5:R16) -> 43929
... A32: 우주 | B32: 화성 | C32: 7-4 | D32: 36 | E32: 15 | F32: 1 | G32: 26000 | H32: 33800 | I32: 130000 | J32: =ROUND(G32*설정!$B$5*설정!$B$6,0) -> 2600 | K32: =ROUND(H32*설정!$B$5*설정!$B$7,0) -> 4056 | L32: =IF(F32=0,0,ROUND(I32*설정!$B$5*설정!$B$8,0)) -> 19500 | M32: =D32*J32+E32*K32+F32*L32 -> 173940 | N32: 23 | O32: 39000 | P32: =ROUND(O32*설정!$B$5*설정!$B$9,0) -> 11700 | Q32: =N32*P32 -> 269100 | R32: =M32+Q32 -> 443040 | S32: =SUM($R$5:R32) -> 2107893
A33: 합계 | D33: =SUM(D5:D32) -> 630 | E33: =SUM(E5:E32) -> 224 | F33: =SUM(F5:F32) -> 14 | M33: =SUM(M5:M32) -> 778681 | N33: =SUM(N5:N32) -> 462 | Q33: =SUM(Q5:Q32) -> 1329212 | R33: =SUM(R5:R32) -> 2107893

Sheet 허들 설계
A1: 스테이지 허들 설계 · 개편안 (Ver03)
A2: 시대(4스테이지) 단위 리듬: 돌파(x-1) → 소허들(x-2) → 평탄(x-3) → 대허들(x-4 보스). 허들 등급(파란 글씨)을 바꾸면 반복 횟수·제안 체력·요구 골드가 다시 계산됨.
A4: 시대 | B4: 지역 | C4: 스테이지 | D4: 순번 | E4: 시대 번호 | F4: 허들 등급 | G4: 목표 반복 횟수 | H4: 일반 체력 (원본) | I4: 일반 체력 (제안) | J4: 공격 체력 (원본) | K4: 공격 체력 (제안) | L4: 랜드마크 체력 (원본) | M4: 랜드마크 체력 (제안) | N4: 일반 체력 증가율 (제안) | O4: 1회 기대 골드 (개편) | P4: 업그레이드 요구 골드 (가이드) | Q4: 누적 플레이 횟수 | R4: 신규 재화 데뷔 | S4: 설계 의도
A5: ='스테이지별 골드'!A5 -> 원시 | B5: ='스테이지별 골드'!B5 -> 공룡 | C5: ='스테이지별 골드'!C5 -> 1-1 | D5: =ROW()-4 -> 1 | E5: =INT((D5-1)/4)+1 -> 1 | F5: 튜토리얼 | G5: =INDEX(설정!$B$44:$B$48,MATCH(F5,설정!$A$44:$A$48,0))+INDEX(설정!$C$44:$C$48,MATCH(F5,설정!$A$44:$A$48,0))*(E5-1) -> 1 | H5: ='스테이지별 골드'!G5 -> 100 | I5: =ROUND(H5*INDEX(설정!$D$44:$D$48,MATCH(F5,설정!$A$44:$A$48,0)),0) -> 100 | J5: ='스테이지별 골드'!H5 -> 130 | K5: =ROUND(J5*INDEX(설정!$E$44:$E$48,MATCH(F5,설정!$A$44:$A$48,0)),0) -> 130 | L5: ='스테이지별 골드'!I5 -> 0 | M5: =ROUND(L5*INDEX(설정!$F$44:$F$48,MATCH(F5,설정!$A$44:$A$48,0)),0) -> 0 | N5: - | O5: =SUMIFS('드랍 구성 (개편)'!$AB$5:$AB$102,'드랍 구성 (개편)'!$B$5:$B$102,C5,'드랍 구성 (개편)'!$A$5:$A$102,"<>황금 (보너스)")+설정!$B$50*SUMIFS('드랍 구성 (개편)'!$AB$5:$AB$102,'드랍 구성 (개편)'!$B$5:$B$102,C5,'드랍 구성 (개편)'!$A$5:$A$102,"황금 (보너스)") -> 244 | P5: 0 | Q5: =SUM($G$5:G5) -> 1 | R5: 금 코인 · 금괴 (기본) | S5: 코인만 쏟아지는 첫 경험. 업그레이드 없이 클리어
A6: ='스테이지별 골드'!A6 -> 원시 | B6: ='스테이지별 골드'!B6 -> 공룡 | C6: ='스테이지별 골드'!C6 -> 1-2 | D6: =ROW()-4 -> 2 | E6: =INT((D6-1)/4)+1 -> 1 | F6: 소허들 | G6: =INDEX(설정!$B$44:$B$48,MATCH(F6,설정!$A$44:$A$48,0))+INDEX(설정!$C$44:$C$48,MATCH(F6,설정!$A$44:$A$48,0))*(E6-1) -> 1.5 | H6: ='스테이지별 골드'!G6 -> 125 | I6: =ROUND(H6*INDEX(설정!$D$44:$D$48,MATCH(F6,설정!$A$44:$A$48,0)),0) -> 125 | J6: ='스테이지별 골드'!H6 -> 165 | K6: =ROUND(J6*INDEX(설정!$E$44:$E$48,MATCH(F6,설정!$A$44:$A$48,0)),0) -> 165 | L6: ='스테이지별 골드'!I6 -> 625 | M6: =ROUND(L6*INDEX(설정!$F$44:$F$48,MATCH(F6,설정!$A$44:$A$48,0)),0) -> 688 | N6: =I6/I5-1 -> 0.25 | O6: =SUMIFS('드랍 구성 (개편)'!$AB$5:$AB$102,'드랍 구성 (개편)'!$B$5:$B$102,C6,'드랍 구성 (개편)'!$A$5:$A$102,"<>황금 (보너스)")+설정!$B$50*SUMIFS('드랍 구성 (개편)'!$AB$5:$AB$102,'드랍 구성 (개편)'!$B$5:$B$102,C6,'드랍 구성 (개편)'!$A$5:$A$102,"황금 (보너스)") -> 450 | P6: =ROUND(G6*O5,0) -> 366 | Q6: =SUM($G$5:G6) -> 2.5 | R6: =IFERROR(INDEX(설정!$A$34:$A$39,MATCH(D6,설정!$C$34:$C$39,0)),"") | S6: 지역 랜드마크 관문. 직전 스테이지를 0.5회 정도 추가 파밍
A7: ='스테이지별 골드'!A7 -> 원시 | B7: ='스테이지별 골드'!B7 -> 원시인 | C7: ='스테이지별 골드'!C7 -> 1-3 | D7: =ROW()-4 -> 3 | E7: =INT((D7-1)/4)+1 -> 1 | F7: 평탄 | G7: =INDEX(설정!$B$44:$B$48,MATCH(F7,설정!$A$44:$A$48,0))+INDEX(설정!$C$44:$C$48,MATCH(F7,설정!$A$44:$A$48,0))*(E7-1) -> 1 | H7: ='스테이지별 골드'!G7 -> 150 | I7: =ROUND(H7*INDEX(설정!$D$44:$D$48,MATCH(F7,설정!$A$44:$A$48,0)),0) -> 150 | J7: ='스테이지별 골드'!H7 -> 200 | K7: =ROUND(J7*INDEX(설정!$E$44:$E$48,MATCH(F7,설정!$A$44:$A$48,0)),0) -> 200 | L7: ='스테이지별 골드'!I7 -> 0 | M7: =ROUND(L7*INDEX(설정!$F$44:$F$48,MATCH(F7,설정!$A$44:$A$48,0)),0) -> 0 | N7: =I7/I6-1 -> 0.2 | O7: =SUMIFS('드랍 구성 (개편)'!$AB$5:$AB$102,'드랍 구성 (개편)'!$B$5:$B$102,C7,'드랍 구성 (개편)'!$A$5:$A$102,"<>황금 (보너스)")+설정!$B$50*SUMIFS('드랍 구성 (개편)'!$AB$5:$AB$102,'드랍 구성 (개편)'!$B$5:$B$102,C7,'드랍 구성 (개편)'!$A$5:$A$102,"황금 (보너스)") -> 423.1 | P7: =ROUND(G7*O6,0) -> 450 | Q7: =SUM($G$5:G7) -> 3.5 | R7: =IFERROR(INDEX(설정!$A$34:$A$39,MATCH(D7,설정!$C$34:$C$39,0)),"") | S7: 원본 곡선. 다음 재화 비중이 조금씩 오름
A8: ='스테이지별 골드'!A8 -> 원시 | B8: ='스테이지별 골드'!B8 -> 원시인 | C8: ='스테이지별 골드'!C8 -> 1-4 | D8: =ROW()-4 -> 4 | E8: =INT((D8-1)/4)+1 -> 1 | F8: 대허들 | G8: =INDEX(설정!$B$44:$B$48,MATCH(F8,설정!$A$44:$A$48,0))+INDEX(설정!$C$44:$C$48,MATCH(F8,설정!$A$44:$A$48,0))*(E8-1) -> 2 | H8: ='스테이지별 골드'!G8 -> 190 | I8: =ROUND(H8*INDEX(설정!$D$44:$D$48,MATCH(F8,설정!$A$44:$A$48,0)),0) -> 190 | J8: ='스테이지별 골드'!H8 -> 250 | K8: =ROUND(J8*INDEX(설정!$E$44:$E$48,MATCH(F8,설정!$A$44:$A$48,0)),0) -> 325 | L8: ='스테이지별 골드'!I8 -> 950 | M8: =ROUND(L8*INDEX(설정!$F$44:$F$48,MATCH(F8,설정!$A$44:$A$48,0)),0) -> 1235 | N8: =I8/I7-1 -> 0.26666667 | O8: =SUMIFS('드랍 구성 (개편)'!$AB$5:$AB$102,'드랍 구성 (개편)'!$B$5:$B$102,C8,'드랍 구성 (개편)'!$A$5:$A$102,"<>황금 (보너스)")+설정!$B$50*SUMIFS('드랍 구성 (개편)'!$AB$5:$AB$102,'드랍 구성 (개편)'!$B$5:$B$102,C8,'드랍 구성 (개편)'!$A$5:$A$102,"황금 (보너스)") -> 747.1 | P8: =ROUND(G8*O7,0) -> 846 | Q8: =SUM($G$5:G8) -> 5.5 | R8: =IFERROR(INDEX(설정!$A$34:$A$39,MATCH(D8,설정!$C$34:$C$39,0)),"") -> 사파이어 | S8: 시대 보스. 공격·랜드마크 체력 상향, 반복 파밍이 필요한 벽
A9: ='스테이지별 골드'!A9 -> 고대 | B9: ='스테이지별 골드'!B9 -> 이집트 | C9: ='스테이지별 골드'!C9 -> 2-1 | D9: =ROW()-4 -> 5 | E9: =INT((D9-1)/4)+1 -> 2 | F9: 돌파 | G9: =INDEX(설정!$B$44:$B$48,MATCH(F9,설정!$A$44:$A$48,0))+INDEX(설정!$C$44:$C$48,MATCH(F9,설정!$A$44:$A$48,0))*(E9-1) -> 1 | H9: ='스테이지별 골드'!G9 -> 230 | I9: =ROUND(H9*INDEX(설정!$D$44:$D$48,MATCH(F9,설정!$A$44:$A$48,0)),0) -> 207 | J9: ='스테이지별 골드'!H9 -> 300 | K9: =ROUND(J9*INDEX(설정!$E$44:$E$48,MATCH(F9,설정!$A$44:$A$48,0)),0) -> 270 | L9: ='스테이지별 골드'!I9 -> 0 | M9: =ROUND(L9*INDEX(설정!$F$44:$F$48,MATCH(F9,설정!$A$44:$A$48,0)),0) -> 0 | N9: =I9/I8-1 -> 0.089473684 | O9: =SUMIFS('드랍 구성 (개편)'!$AB$5:$AB$102,'드랍 구성 (개편)'!$B$5:$B$102,C9,'드랍 구성 (개편)'!$A$5:$A$102,"<>황금 (보너스)")+설정!$B$50*SUMIFS('드랍 구성 (개편)'!$AB$5:$AB$102,'드랍 구성 (개편)'!$B$5:$B$102,C9,'드랍 구성 (개편)'!$A$5:$A$102,"황금 (보너스)") -> 804 | P9: =ROUND(G9*O8,0) -> 747 | Q9: =SUM($G$5:G9) -> 6.5 | R9: =IFERROR(INDEX(설정!$A$34:$A$39,MATCH(D9,설정!$C$34:$C$39,0)),"") | S9: 보스 직후 체력 -10%, 새 시대 개수 +7%: 성장을 체감시키는 구간
A10: ='스테이지별 골드'!A10 -> 고대 | B10: ='스테이지별 골드'!B10 -> 이집트 | C10: ='스테이지별 골드'!C10 -> 2-2 | D10: =ROW()-4 -> 6 | E10: =INT((D10-1)/4)+1 -> 2 | F10: 소허들 | G10: =INDEX(설정!$B$44:$B$48,MATCH(F10,설정!$A$44:$A$48,0))+INDEX(설정!$C$44:$C$48,MATCH(F10,설정!$A$44:$A$48,0))*(E10-1) -> 1.5 | H10: ='스테이지별 골드'!G10 -> 290 | I10: =ROUND(H10*INDEX(설정!$D$44:$D$48,MATCH(F10,설정!$A$44:$A$48,0)),0) -> 290 | J10: ='스테이지별 골드'!H10 -> 380 | K10: =ROUND(J10*INDEX(설정!$E$44:$E$48,MATCH(F10,설정!$A$44:$A$48,0)),0) -> 380 | L10: ='스테이지별 골드'!I10 -> 1450 | M10: =ROUND(L10*INDEX(설정!$F$44:$F$48,MATCH(F10,설정!$A$44:$A$48,0)),0) -> 1595 | N10: =I10/I9-1 -> 0.40096618 | O10: =SUMIFS('드랍 구성 (개편)'!$AB$5:$AB$102,'드랍 구성 (개편)'!$B$5:$B$102,C10,'드랍 구성 (개편)'!$A$5:$A$102,"<>황금 (보너스)")+설정!$B$50*SUMIFS('드랍 구성 (개편)'!$AB$5:$AB$102,'드랍 구성 (개편)'!$B$5:$B$102,C10,'드랍 구성 (개편)'!$A$5:$A$102,"황금 (보너스)") -> 1236 | P10: =ROUND(G10*O9,0) -> 1206 | Q10: =SUM($G$5:G10) -> 8 | R10: =IFERROR(INDEX(설정!$A$34:$A$39,MATCH(D10,설정!$C$34:$C$39,0)),"") | S10: 지역 랜드마크 관문. 직전 스테이지를 0.5회 정도 추가 파밍
A11: ='스테이지별 골드'!A11 -> 고대 | B11: ='스테이지별 골드'!B11 -> 그리스 | C11: ='스테이지별 골드'!C11 -> 2-3 | D11: =ROW()-4 -> 7 | E11: =INT((D11-1)/4)+1 -> 2 | F11: 평탄 | G11: =INDEX(설정!$B$44:$B$48,MATCH(F11,설정!$A$44:$A$48,0))+INDEX(설정!$C$44:$C$48,MATCH(F11,설정!$A$44:$A$48,0))*(E11-1) -> 1 | H11: ='스테이지별 골드'!G11 -> 350 | I11: =ROUND(H11*INDEX(설정!$D$44:$D$48,MATCH(F11,설정!$A$44:$A$48,0)),0) -> 350 | J11: ='스테이지별 골드'!H11 -> 460 | K11: =ROUND(J11*INDEX(설정!$E$44:$E$48,MATCH(F11,설정!$A$44:$A$48,0)),0) -> 460 | L11: ='스테이지별 골드'!I11 -> 0 | M11: =ROUND(L11*INDEX(설정!$F$44:$F$48,MATCH(F11,설정!$A$44:$A$48,0)),0) -> 0 | N11: =I11/I10-1 -> 0.20689655 | O11: =SUMIFS('드랍 구성 (개편)'!$AB$5:$AB$102,'드랍 구성 (개편)'!$B$5:$B$102,C11,'드랍 구성 (개편)'!$A$5:$A$102,"<>황금 (보너스)")+설정!$B$50*SUMIFS('드랍 구성 (개편)'!$AB$5:$AB$102,'드랍 구성 (개편)'!$B$5:$B$102,C11,'드랍 구성 (개편)'!$A$5:$A$102,"황금 (보너스)") -> 1399.5 | P11: =ROUND(G11*O10,0) -> 1236 | Q11: =SUM($G$5:G11) -> 9 | R11: =IFERROR(INDEX(설정!$A$34:$A$39,MATCH(D11,설정!$C$34:$C$39,0)),"") | S11: 원본 곡선. 다음 재화 비중이 조금씩 오름
A12: ='스테이지별 골드'!A12 -> 고대 | B12: ='스테이지별 골드'!B12 -> 그리스 | C12: ='스테이지별 골드'!C12 -> 2-4 | D12: =ROW()-4 -> 8 | E12: =INT((D12-1)/4)+1 -> 2 | F12: 대허들 | G12: =INDEX(설정!$B$44:$B$48,MATCH(F12,설정!$A$44:$A$48,0))+INDEX(설정!$C$44:$C$48,MATCH(F12,설정!$A$44:$A$48,0))*(E12-1) -> 2.5 | H12: ='스테이지별 골드'!G12 -> 440 | I12: =ROUND(H12*INDEX(설정!$D$44:$D$48,MATCH(F12,설정!$A$44:$A$48,0)),0) -> 440 | J12: ='스테이지별 골드'!H12 -> 575 | K12: =ROUND(J12*INDEX(설정!$E$44:$E$48,MATCH(F12,설정!$A$44:$A$48,0)),0) -> 748 | L12: ='스테이지별 골드'!I12 -> 2200 | M12: =ROUND(L12*INDEX(설정!$F$44:$F$48,MATCH(F12,설정!$A$44:$A$48,0)),0) -> 2860 | N12: =I12/I11-1 -> 0.25714286 | O12: =SUMIFS('드랍 구성 (개편)'!$AB$5:$AB$102,'드랍 구성 (개편)'!$B$5:$B$102,C12,'드랍 구성 (개편)'!$A$5:$A$102,"<>황금 (보너스)")+설정!$B$50*SUMIFS('드랍 구성 (개편)'!$AB$5:$AB$102,'드랍 구성 (개편)'!$B$5:$B$102,C12,'드랍 구성 (개편)'!$A$5:$A$102,"황금 (보너스)") -> 2135 | P12: =ROUND(G12*O11,0) -> 3499 | Q12: =SUM($G$5:G12) -> 11.5 | R12: =IFERROR(INDEX(설정!$A$34:$A$39,MATCH(D12,설정!$C$34:$C$39,0)),"") | S12: 시대 보스. 공격·랜드마크 체력 상향, 반복 파밍이 필요한 벽
A13: ='스테이지별 골드'!A13 -> 중세 | B13: ='스테이지별 골드'!B13 -> 프랑스 | C13: ='스테이지별 골드'!C13 -> 3-1 | D13: =ROW()-4 -> 9 | E13: =INT((D13-1)/4)+1 -> 3 | F13: 돌파 | G13: =INDEX(설정!$B$44:$B$48,MATCH(F13,설정!$A$44:$A$48,0))+INDEX(설정!$C$44:$C$48,MATCH(F13,설정!$A$44:$A$48,0))*(E13-1) -> 1 | H13: ='스테이지별 골드'!G13 -> 530 | I13: =ROUND(H13*INDEX(설정!$D$44:$D$48,MATCH(F13,설정!$A$44:$A$48,0)),0) -> 477 | J13: ='스테이지별 골드'!H13 -> 700 | K13: =ROUND(J13*INDEX(설정!$E$44:$E$48,MATCH(F13,설정!$A$44:$A$48,0)),0) -> 630 | L13: ='스테이지별 골드'!I13 -> 0 | M13: =ROUND(L13*INDEX(설정!$F$44:$F$48,MATCH(F13,설정!$A$44:$A$48,0)),0) -> 0 | N13: =I13/I12-1 -> 0.084090909 | O13: =SUMIFS('드랍 구성 (개편)'!$AB$5:$AB$102,'드랍 구성 (개편)'!$B$5:$B$102,C13,'드랍 구성 (개편)'!$A$5:$A$102,"<>황금 (보너스)")+설정!$B$50*SUMIFS('드랍 구성 (개편)'!$AB$5:$AB$102,'드랍 구성 (개편)'!$B$5:$B$102,C13,'드랍 구성 (개편)'!$A$5:$A$102,"황금 (보너스)") -> 2309 | P13: =ROUND(G13*O12,0) -> 2135 | Q13: =SUM($G$5:G13) -> 12.5 | R13: =IFERROR(INDEX(설정!$A$34:$A$39,MATCH(D13,설정!$C$34:$C$39,0)),"") | S13: 보스 직후 체력 -10%, 새 시대 개수 +7%: 성장을 체감시키는 구간
A14: ='스테이지별 골드'!A14 -> 중세 | B14: ='스테이지별 골드'!B14 -> 프랑스 | C14: ='스테이지별 골드'!C14 -> 3-2 | D14: =ROW()-4 -> 10 | E14: =INT((D14-1)/4)+1 -> 3 | F14: 소허들 | G14: =INDEX(설정!$B$44:$B$48,MATCH(F14,설정!$A$44:$A$48,0))+INDEX(설정!$C$44:$C$48,MATCH(F14,설정!$A$44:$A$48,0))*(E14-1) -> 1.5 | H14: ='스테이지별 골드'!G14 -> 660 | I14: =ROUND(H14*INDEX(설정!$D$44:$D$48,MATCH(F14,설정!$A$44:$A$48,0)),0) -> 660 | J14: ='스테이지별 골드'!H14 -> 860 | K14: =ROUND(J14*INDEX(설정!$E$44:$E$48,MATCH(F14,설정!$A$44:$A$48,0)),0) -> 860 | L14: ='스테이지별 골드'!I14 -> 3300 | M14: =ROUND(L14*INDEX(설정!$F$44:$F$48,MATCH(F14,설정!$A$44:$A$48,0)),0) -> 3630 | N14: =I14/I13-1 -> 0.3836478 | O14: =SUMIFS('드랍 구성 (개편)'!$AB$5:$AB$102,'드랍 구성 (개편)'!$B$5:$B$102,C14,'드랍 구성 (개편)'!$A$5:$A$102,"<>황금 (보너스)")+설정!$B$50*SUMIFS('드랍 구성 (개편)'!$AB$5:$AB$102,'드랍 구성 (개편)'!$B$5:$B$102,C14,'드랍 구성 (개편)'!$A$5:$A$102,"황금 (보너스)") -> 3553 | P14: =ROUND(G14*O13,0) -> 3464 | Q14: =SUM($G$5:G14) -> 14 | R14: =IFERROR(INDEX(설정!$A$34:$A$39,MATCH(D14,설정!$C$34:$C$39,0)),"") | S14: 지역 랜드마크 관문. 직전 스테이지를 0.5회 정도 추가 파밍
A15: ='스테이지별 골드'!A15 -> 중세 | B15: ='스테이지별 골드'!B15 -> 독일 | C15: ='스테이지별 골드'!C15 -> 3-3 | D15: =ROW()-4 -> 11 | E15: =INT((D15-1)/4)+1 -> 3 | F15: 평탄 | G15: =INDEX(설정!$B$44:$B$48,MATCH(F15,설정!$A$44:$A$48,0))+INDEX(설정!$C$44:$C$48,MATCH(F15,설정!$A$44:$A$48,0))*(E15-1) -> 1 | H15: ='스테이지별 골드'!G15 -> 800 | I15: =ROUND(H15*INDEX(설정!$D$44:$D$48,MATCH(F15,설정!$A$44:$A$48,0)),0) -> 800 | J15: ='스테이지별 골드'!H15 -> 1050 | K15: =ROUND(J15*INDEX(설정!$E$44:$E$48,MATCH(F15,설정!$A$44:$A$48,0)),0) -> 1050 | L15: ='스테이지별 골드'!I15 -> 0 | M15: =ROUND(L15*INDEX(설정!$F$44:$F$48,MATCH(F15,설정!$A$44:$A$48,0)),0) -> 0 | N15: =I15/I14-1 -> 0.21212121 | O15: =SUMIFS('드랍 구성 (개편)'!$AB$5:$AB$102,'드랍 구성 (개편)'!$B$5:$B$102,C15,'드랍 구성 (개편)'!$A$5:$A$102,"<>황금 (보너스)")+설정!$B$50*SUMIFS('드랍 구성 (개편)'!$AB$5:$AB$102,'드랍 구성 (개편)'!$B$5:$B$102,C15,'드랍 구성 (개편)'!$A$5:$A$102,"황금 (보너스)") -> 4102.5 | P15: =ROUND(G15*O14,0) -> 3553 | Q15: =SUM($G$5:G15) -> 15 | R15: =IFERROR(INDEX(설정!$A$34:$A$39,MATCH(D15,설정!$C$34:$C$39,0)),"") | S15: 원본 곡선. 다음 재화 비중이 조금씩 오름
A16: ='스테이지별 골드'!A16 -> 중세 | B16: ='스테이지별 골드'!B16 -> 독일 | C16: ='스테이지별 골드'!C16 -> 3-4 | D16: =ROW()-4 -> 12 | E16: =INT((D16-1)/4)+1 -> 3 | F16: 대허들 | G16: =INDEX(설정!$B$44:$B$48,MATCH(F16,설정!$A$44:$A$48,0))+INDEX(설정!$C$44:$C$48,MATCH(F16,설정!$A$44:$A$48,0))*(E16-1) -> 3 | H16: ='스테이지별 골드'!G16 -> 1000 | I16: =ROUND(H16*INDEX(설정!$D$44:$D$48,MATCH(F16,설정!$A$44:$A$48,0)),0) -> 1000 | J16: ='스테이지별 골드'!H16 -> 1300 | K16: =ROUND(J16*INDEX(설정!$E$44:$E$48,MATCH(F16,설정!$A$44:$A$48,0)),0) -> 1690 | L16: ='스테이지별 골드'!I16 -> 5000 | M16: =ROUND(L16*INDEX(설정!$F$44:$F$48,MATCH(F16,설정!$A$44:$A$48,0)),0) -> 6500 | N16: =I16/I15-1 -> 0.25 | O16: =SUMIFS('드랍 구성 (개편)'!$AB$5:$AB$102,'드랍 구성 (개편)'!$B$5:$B$102,C16,'드랍 구성 (개편)'!$A$5:$A$102,"<>황금 (보너스)")+설정!$B$50*SUMIFS('드랍 구성 (개편)'!$AB$5:$AB$102,'드랍 구성 (개편)'!$B$5:$B$102,C16,'드랍 구성 (개편)'!$A$5:$A$102,"황금 (보너스)") -> 6132.5 | P16: =ROUND(G16*O15,0) -> 12308 | Q16: =SUM($G$5:G16) -> 18 | R16: =IFERROR(INDEX(설정!$A$34:$A$39,MATCH(D16,설정!$C$34:$C$39,0)),"") -> 루비 | S16: 시대 보스. 공격·랜드마크 체력 상향, 반복 파밍이 필요한 벽
A17: ='스테이지별 골드'!A17 -> 산업 | B17: ='스테이지별 골드'!B17 -> 영국 | C17: ='스테이지별 골드'!C17 -> 4-1 | D17: =ROW()-4 -> 13 | E17: =INT((D17-1)/4)+1 -> 4 | F17: 돌파 | G17: =INDEX(설정!$B$44:$B$48,MATCH(F17,설정!$A$44:$A$48,0))+INDEX(설정!$C$44:$C$48,MATCH(F17,설정!$A$44:$A$48,0))*(E17-1) -> 1 | H17: ='스테이지별 골드'!G17 -> 1200 | I17: =ROUND(H17*INDEX(설정!$D$44:$D$48,MATCH(F17,설정!$A$44:$A$48,0)),0) -> 1080 | J17: ='스테이지별 골드'!H17 -> 1560 | K17: =ROUND(J17*INDEX(설정!$E$44:$E$48,MATCH(F17,설정!$A$44:$A$48,0)),0) -> 1404 | L17: ='스테이지별 골드'!I17 -> 0 | M17: =ROUND(L17*INDEX(설정!$F$44:$F$48,MATCH(F17,설정!$A$44:$A$48,0)),0) -> 0 | N17: =I17/I16-1 -> 0.08 | O17: =SUMIFS('드랍 구성 (개편)'!$AB$5:$AB$102,'드랍 구성 (개편)'!$B$5:$B$102,C17,'드랍 구성 (개편)'!$A$5:$A$102,"<>황금 (보너스)")+설정!$B$50*SUMIFS('드랍 구성 (개편)'!$AB$5:$AB$102,'드랍 구성 (개편)'!$B$5:$B$102,C17,'드랍 구성 (개편)'!$A$5:$A$102,"황금 (보너스)") -> 6453 | P17: =ROUND(G17*O16,0) -> 6133 | Q17: =SUM($G$5:G17) -> 19 | R17: =IFERROR(INDEX(설정!$A$34:$A$39,MATCH(D17,설정!$C$34:$C$39,0)),"") | S17: 보스 직후 체력 -10%, 새 시대 개수 +7%: 성장을 체감시키는 구간
... A32: ='스테이지별 골드'!A32 -> 우주 | B32: ='스테이지별 골드'!B32 -> 화성 | C32: ='스테이지별 골드'!C32 -> 7-4 | D32: =ROW()-4 -> 28 | E32: =INT((D32-1)/4)+1 -> 7 | F32: 대허들 | G32: =INDEX(설정!$B$44:$B$48,MATCH(F32,설정!$A$44:$A$48,0))+INDEX(설정!$C$44:$C$48,MATCH(F32,설정!$A$44:$A$48,0))*(E32-1) -> 5 | H32: ='스테이지별 골드'!G32 -> 26000 | I32: =ROUND(H32*INDEX(설정!$D$44:$D$48,MATCH(F32,설정!$A$44:$A$48,0)),0) -> 26000 | J32: ='스테이지별 골드'!H32 -> 33800 | K32: =ROUND(J32*INDEX(설정!$E$44:$E$48,MATCH(F32,설정!$A$44:$A$48,0)),0) -> 43940 | L32: ='스테이지별 골드'!I32 -> 130000 | M32: =ROUND(L32*INDEX(설정!$F$44:$F$48,MATCH(F32,설정!$A$44:$A$48,0)),0) -> 169000 | N32: =I32/I31-1 -> 0.23809524 | O32: =SUMIFS('드랍 구성 (개편)'!$AB$5:$AB$102,'드랍 구성 (개편)'!$B$5:$B$102,C32,'드랍 구성 (개편)'!$A$5:$A$102,"<>황금 (보너스)")+설정!$B$50*SUMIFS('드랍 구성 (개편)'!$AB$5:$AB$102,'드랍 구성 (개편)'!$B$5:$B$102,C32,'드랍 구성 (개편)'!$A$5:$A$102,"황금 (보너스)") -> 251640 | P32: =ROUND(G32*O31,0) -> 937625 | Q32: =SUM($G$5:G32) -> 49 | R32: =IFERROR(INDEX(설정!$A$34:$A$39,MATCH(D32,설정!$C$34:$C$39,0)),"") -> 왕관 | S32: 시대 보스. 공격·랜드마크 체력 상향, 반복 파밍이 필요한 벽
A33: 합계 | G33: =SUM(G5:G32) -> 49 | O33: =SUM(O5:O32) -> 1177445.2 | P33: =SUM(P5:P32) -> 2144071

Sheet 드랍 구성
A1: 건물 1개당 드랍 구성 (임시값)
A2: 골드를 「최소 드랍 개수」 이상이 되는 가장 높은 등급부터 채우고, 남는 금액은 낮은 등급으로 채움. 개수 = 화면에 쏟아지는 재화 오브젝트 수.
D3: 환산 골드 → | E3: =설정!$B$20 -> 1000 | F3: =설정!$B$19 -> 500 | G3: =설정!$B$18 -> 100 | H3: =설정!$B$17 -> 25 | I3: =설정!$B$16 -> 5 | J3: =설정!$B$15 -> 1
A4: 스테이지 | B4: 건물 유형 | C4: 골드 / 개 | D4: 최고 등급 (골드) | E4: 왕관 | F4: 다이아몬드 | G4: 루비 | H4: 사파이어 | I4: 금괴 | J4: 금 코인 | K4: 드랍 개수 | L4: 검산 (골드)
A5: ='스테이지별 골드'!C5 -> 1-1 | B5: 일반 | C5: ='스테이지별 골드'!J5 -> 10 | D5: =IF(C5>=E$3*설정!$B$10,E$3,IF(C5>=F$3*설정!$B$10,F$3,IF(C5>=G$3*설정!$B$10,G$3,IF(C5>=H$3*설정!$B$10,H$3,IF(C5>=I$3*설정!$B$10,I$3,J$3))))) -> 1 | E5: =IF(E$3<=$D5,INT($C5/E$3),0) -> 0 | F5: =IF(F$3<=$D5,INT(($C5-SUMPRODUCT($E5:E5,$E$3:E$3))/F$3),0) -> 0 | G5: =IF(G$3<=$D5,INT(($C5-SUMPRODUCT($E5:F5,$E$3:F$3))/G$3),0) -> 0 | H5: =IF(H$3<=$D5,INT(($C5-SUMPRODUCT($E5:G5,$E$3:G$3))/H$3),0) -> 0 | I5: =IF(I$3<=$D5,INT(($C5-SUMPRODUCT($E5:H5,$E$3:H$3))/I$3),0) -> 0 | J5: =INT(($C5-SUMPRODUCT($E5:I5,$E$3:I$3))/J$3) -> 10 | K5: =SUM(E5:J5) -> 10 | L5: =SUMPRODUCT(E5:J5,$E$3:$J$3) -> 10
A6: ='스테이지별 골드'!C5 -> 1-1 | B6: 공격 | C6: ='스테이지별 골드'!K5 -> 16 | D6: =IF(C6>=E$3*설정!$B$10,E$3,IF(C6>=F$3*설정!$B$10,F$3,IF(C6>=G$3*설정!$B$10,G$3,IF(C6>=H$3*설정!$B$10,H$3,IF(C6>=I$3*설정!$B$10,I$3,J$3))))) -> 1 | E6: =IF(E$3<=$D6,INT($C6/E$3),0) -> 0 | F6: =IF(F$3<=$D6,INT(($C6-SUMPRODUCT($E6:E6,$E$3:E$3))/F$3),0) -> 0 | G6: =IF(G$3<=$D6,INT(($C6-SUMPRODUCT($E6:F6,$E$3:F$3))/G$3),0) -> 0 | H6: =IF(H$3<=$D6,INT(($C6-SUMPRODUCT($E6:G6,$E$3:G$3))/H$3),0) -> 0 | I6: =IF(I$3<=$D6,INT(($C6-SUMPRODUCT($E6:H6,$E$3:H$3))/I$3),0) -> 0 | J6: =INT(($C6-SUMPRODUCT($E6:I6,$E$3:I$3))/J$3) -> 16 | K6: =SUM(E6:J6) -> 16 | L6: =SUMPRODUCT(E6:J6,$E$3:$J$3) -> 16
A7: ='스테이지별 골드'!C5 -> 1-1 | B7: 황금 (보너스) | C7: ='스테이지별 골드'!P5 -> 45 | D7: =IF(C7>=E$3*설정!$B$10,E$3,IF(C7>=F$3*설정!$B$10,F$3,IF(C7>=G$3*설정!$B$10,G$3,IF(C7>=H$3*설정!$B$10,H$3,IF(C7>=I$3*설정!$B$10,I$3,J$3))))) -> 5 | E7: =IF(E$3<=$D7,INT($C7/E$3),0) -> 0 | F7: =IF(F$3<=$D7,INT(($C7-SUMPRODUCT($E7:E7,$E$3:E$3))/F$3),0) -> 0 | G7: =IF(G$3<=$D7,INT(($C7-SUMPRODUCT($E7:F7,$E$3:F$3))/G$3),0) -> 0 | H7: =IF(H$3<=$D7,INT(($C7-SUMPRODUCT($E7:G7,$E$3:G$3))/H$3),0) -> 0 | I7: =IF(I$3<=$D7,INT(($C7-SUMPRODUCT($E7:H7,$E$3:H$3))/I$3),0) -> 9 | J7: =INT(($C7-SUMPRODUCT($E7:I7,$E$3:I$3))/J$3) -> 0 | K7: =SUM(E7:J7) -> 9 | L7: =SUMPRODUCT(E7:J7,$E$3:$J$3) -> 45
A8: ='스테이지별 골드'!C6 -> 1-2 | B8: 일반 | C8: ='스테이지별 골드'!J6 -> 13 | D8: =IF(C8>=E$3*설정!$B$10,E$3,IF(C8>=F$3*설정!$B$10,F$3,IF(C8>=G$3*설정!$B$10,G$3,IF(C8>=H$3*설정!$B$10,H$3,IF(C8>=I$3*설정!$B$10,I$3,J$3))))) -> 1 | E8: =IF(E$3<=$D8,INT($C8/E$3),0) -> 0 | F8: =IF(F$3<=$D8,INT(($C8-SUMPRODUCT($E8:E8,$E$3:E$3))/F$3),0) -> 0 | G8: =IF(G$3<=$D8,INT(($C8-SUMPRODUCT($E8:F8,$E$3:F$3))/G$3),0) -> 0 | H8: =IF(H$3<=$D8,INT(($C8-SUMPRODUCT($E8:G8,$E$3:G$3))/H$3),0) -> 0 | I8: =IF(I$3<=$D8,INT(($C8-SUMPRODUCT($E8:H8,$E$3:H$3))/I$3),0) -> 0 | J8: =INT(($C8-SUMPRODUCT($E8:I8,$E$3:I$3))/J$3) -> 13 | K8: =SUM(E8:J8) -> 13 | L8: =SUMPRODUCT(E8:J8,$E$3:$J$3) -> 13
A9: ='스테이지별 골드'!C6 -> 1-2 | B9: 공격 | C9: ='스테이지별 골드'!K6 -> 20 | D9: =IF(C9>=E$3*설정!$B$10,E$3,IF(C9>=F$3*설정!$B$10,F$3,IF(C9>=G$3*설정!$B$10,G$3,IF(C9>=H$3*설정!$B$10,H$3,IF(C9>=I$3*설정!$B$10,I$3,J$3))))) -> 1 | E9: =IF(E$3<=$D9,INT($C9/E$3),0) -> 0 | F9: =IF(F$3<=$D9,INT(($C9-SUMPRODUCT($E9:E9,$E$3:E$3))/F$3),0) -> 0 | G9: =IF(G$3<=$D9,INT(($C9-SUMPRODUCT($E9:F9,$E$3:F$3))/G$3),0) -> 0 | H9: =IF(H$3<=$D9,INT(($C9-SUMPRODUCT($E9:G9,$E$3:G$3))/H$3),0) -> 0 | I9: =IF(I$3<=$D9,INT(($C9-SUMPRODUCT($E9:H9,$E$3:H$3))/I$3),0) -> 0 | J9: =INT(($C9-SUMPRODUCT($E9:I9,$E$3:I$3))/J$3) -> 20 | K9: =SUM(E9:J9) -> 20 | L9: =SUMPRODUCT(E9:J9,$E$3:$J$3) -> 20
A10: ='스테이지별 골드'!C6 -> 1-2 | B10: 랜드마크 | C10: ='스테이지별 골드'!L6 -> 94 | D10: =IF(C10>=E$3*설정!$B$10,E$3,IF(C10>=F$3*설정!$B$10,F$3,IF(C10>=G$3*설정!$B$10,G$3,IF(C10>=H$3*설정!$B$10,H$3,IF(C10>=I$3*설정!$B$10,I$3,J$3))))) -> 5 | E10: =IF(E$3<=$D10,INT($C10/E$3),0) -> 0 | F10: =IF(F$3<=$D10,INT(($C10-SUMPRODUCT($E10:E10,$E$3:E$3))/F$3),0) -> 0 | G10: =IF(G$3<=$D10,INT(($C10-SUMPRODUCT($E10:F10,$E$3:F$3))/G$3),0) -> 0 | H10: =IF(H$3<=$D10,INT(($C10-SUMPRODUCT($E10:G10,$E$3:G$3))/H$3),0) -> 0 | I10: =IF(I$3<=$D10,INT(($C10-SUMPRODUCT($E10:H10,$E$3:H$3))/I$3),0) -> 18 | J10: =INT(($C10-SUMPRODUCT($E10:I10,$E$3:I$3))/J$3) -> 4 | K10: =SUM(E10:J10) -> 22 | L10: =SUMPRODUCT(E10:J10,$E$3:$J$3) -> 94
A11: ='스테이지별 골드'!C6 -> 1-2 | B11: 황금 (보너스) | C11: ='스테이지별 골드'!P6 -> 56 | D11: =IF(C11>=E$3*설정!$B$10,E$3,IF(C11>=F$3*설정!$B$10,F$3,IF(C11>=G$3*설정!$B$10,G$3,IF(C11>=H$3*설정!$B$10,H$3,IF(C11>=I$3*설정!$B$10,I$3,J$3))))) -> 5 | E11: =IF(E$3<=$D11,INT($C11/E$3),0) -> 0 | F11: =IF(F$3<=$D11,INT(($C11-SUMPRODUCT($E11:E11,$E$3:E$3))/F$3),0) -> 0 | G11: =IF(G$3<=$D11,INT(($C11-SUMPRODUCT($E11:F11,$E$3:F$3))/G$3),0) -> 0 | H11: =IF(H$3<=$D11,INT(($C11-SUMPRODUCT($E11:G11,$E$3:G$3))/H$3),0) -> 0 | I11: =IF(I$3<=$D11,INT(($C11-SUMPRODUCT($E11:H11,$E$3:H$3))/I$3),0) -> 11 | J11: =INT(($C11-SUMPRODUCT($E11:I11,$E$3:I$3))/J$3) -> 1 | K11: =SUM(E11:J11) -> 12 | L11: =SUMPRODUCT(E11:J11,$E$3:$J$3) -> 56
A12: ='스테이지별 골드'!C7 -> 1-3 | B12: 일반 | C12: ='스테이지별 골드'!J7 -> 15 | D12: =IF(C12>=E$3*설정!$B$10,E$3,IF(C12>=F$3*설정!$B$10,F$3,IF(C12>=G$3*설정!$B$10,G$3,IF(C12>=H$3*설정!$B$10,H$3,IF(C12>=I$3*설정!$B$10,I$3,J$3))))) -> 1 | E12: =IF(E$3<=$D12,INT($C12/E$3),0) -> 0 | F12: =IF(F$3<=$D12,INT(($C12-SUMPRODUCT($E12:E12,$E$3:E$3))/F$3),0) -> 0 | G12: =IF(G$3<=$D12,INT(($C12-SUMPRODUCT($E12:F12,$E$3:F$3))/G$3),0) -> 0 | H12: =IF(H$3<=$D12,INT(($C12-SUMPRODUCT($E12:G12,$E$3:G$3))/H$3),0) -> 0 | I12: =IF(I$3<=$D12,INT(($C12-SUMPRODUCT($E12:H12,$E$3:H$3))/I$3),0) -> 0 | J12: =INT(($C12-SUMPRODUCT($E12:I12,$E$3:I$3))/J$3) -> 15 | K12: =SUM(E12:J12) -> 15 | L12: =SUMPRODUCT(E12:J12,$E$3:$J$3) -> 15
A13: ='스테이지별 골드'!C7 -> 1-3 | B13: 공격 | C13: ='스테이지별 골드'!K7 -> 24 | D13: =IF(C13>=E$3*설정!$B$10,E$3,IF(C13>=F$3*설정!$B$10,F$3,IF(C13>=G$3*설정!$B$10,G$3,IF(C13>=H$3*설정!$B$10,H$3,IF(C13>=I$3*설정!$B$10,I$3,J$3))))) -> 1 | E13: =IF(E$3<=$D13,INT($C13/E$3),0) -> 0 | F13: =IF(F$3<=$D13,INT(($C13-SUMPRODUCT($E13:E13,$E$3:E$3))/F$3),0) -> 0 | G13: =IF(G$3<=$D13,INT(($C13-SUMPRODUCT($E13:F13,$E$3:F$3))/G$3),0) -> 0 | H13: =IF(H$3<=$D13,INT(($C13-SUMPRODUCT($E13:G13,$E$3:G$3))/H$3),0) -> 0 | I13: =IF(I$3<=$D13,INT(($C13-SUMPRODUCT($E13:H13,$E$3:H$3))/I$3),0) -> 0 | J13: =INT(($C13-SUMPRODUCT($E13:I13,$E$3:I$3))/J$3) -> 24 | K13: =SUM(E13:J13) -> 24 | L13: =SUMPRODUCT(E13:J13,$E$3:$J$3) -> 24
A14: ='스테이지별 골드'!C7 -> 1-3 | B14: 황금 (보너스) | C14: ='스테이지별 골드'!P7 -> 68 | D14: =IF(C14>=E$3*설정!$B$10,E$3,IF(C14>=F$3*설정!$B$10,F$3,IF(C14>=G$3*설정!$B$10,G$3,IF(C14>=H$3*설정!$B$10,H$3,IF(C14>=I$3*설정!$B$10,I$3,J$3))))) -> 5 | E14: =IF(E$3<=$D14,INT($C14/E$3),0) -> 0 | F14: =IF(F$3<=$D14,INT(($C14-SUMPRODUCT($E14:E14,$E$3:E$3))/F$3),0) -> 0 | G14: =IF(G$3<=$D14,INT(($C14-SUMPRODUCT($E14:F14,$E$3:F$3))/G$3),0) -> 0 | H14: =IF(H$3<=$D14,INT(($C14-SUMPRODUCT($E14:G14,$E$3:G$3))/H$3),0) -> 0 | I14: =IF(I$3<=$D14,INT(($C14-SUMPRODUCT($E14:H14,$E$3:H$3))/I$3),0) -> 13 | J14: =INT(($C14-SUMPRODUCT($E14:I14,$E$3:I$3))/J$3) -> 3 | K14: =SUM(E14:J14) -> 16 | L14: =SUMPRODUCT(E14:J14,$E$3:$J$3) -> 68
A15: ='스테이지별 골드'!C8 -> 1-4 | B15: 일반 | C15: ='스테이지별 골드'!J8 -> 19 | D15: =IF(C15>=E$3*설정!$B$10,E$3,IF(C15>=F$3*설정!$B$10,F$3,IF(C15>=G$3*설정!$B$10,G$3,IF(C15>=H$3*설정!$B$10,H$3,IF(C15>=I$3*설정!$B$10,I$3,J$3))))) -> 1 | E15: =IF(E$3<=$D15,INT($C15/E$3),0) -> 0 | F15: =IF(F$3<=$D15,INT(($C15-SUMPRODUCT($E15:E15,$E$3:E$3))/F$3),0) -> 0 | G15: =IF(G$3<=$D15,INT(($C15-SUMPRODUCT($E15:F15,$E$3:F$3))/G$3),0) -> 0 | H15: =IF(H$3<=$D15,INT(($C15-SUMPRODUCT($E15:G15,$E$3:G$3))/H$3),0) -> 0 | I15: =IF(I$3<=$D15,INT(($C15-SUMPRODUCT($E15:H15,$E$3:H$3))/I$3),0) -> 0 | J15: =INT(($C15-SUMPRODUCT($E15:I15,$E$3:I$3))/J$3) -> 19 | K15: =SUM(E15:J15) -> 19 | L15: =SUMPRODUCT(E15:J15,$E$3:$J$3) -> 19
A16: ='스테이지별 골드'!C8 -> 1-4 | B16: 공격 | C16: ='스테이지별 골드'!K8 -> 30 | D16: =IF(C16>=E$3*설정!$B$10,E$3,IF(C16>=F$3*설정!$B$10,F$3,IF(C16>=G$3*설정!$B$10,G$3,IF(C16>=H$3*설정!$B$10,H$3,IF(C16>=I$3*설정!$B$10,I$3,J$3))))) -> 5 | E16: =IF(E$3<=$D16,INT($C16/E$3),0) -> 0 | F16: =IF(F$3<=$D16,INT(($C16-SUMPRODUCT($E16:E16,$E$3:E$3))/F$3),0) -> 0 | G16: =IF(G$3<=$D16,INT(($C16-SUMPRODUCT($E16:F16,$E$3:F$3))/G$3),0) -> 0 | H16: =IF(H$3<=$D16,INT(($C16-SUMPRODUCT($E16:G16,$E$3:G$3))/H$3),0) -> 0 | I16: =IF(I$3<=$D16,INT(($C16-SUMPRODUCT($E16:H16,$E$3:H$3))/I$3),0) -> 6 | J16: =INT(($C16-SUMPRODUCT($E16:I16,$E$3:I$3))/J$3) -> 0 | K16: =SUM(E16:J16) -> 6 | L16: =SUMPRODUCT(E16:J16,$E$3:$J$3) -> 30
A17: ='스테이지별 골드'!C8 -> 1-4 | B17: 랜드마크 | C17: ='스테이지별 골드'!L8 -> 143 | D17: =IF(C17>=E$3*설정!$B$10,E$3,IF(C17>=F$3*설정!$B$10,F$3,IF(C17>=G$3*설정!$B$10,G$3,IF(C17>=H$3*설정!$B$10,H$3,IF(C17>=I$3*설정!$B$10,I$3,J$3))))) -> 25 | E17: =IF(E$3<=$D17,INT($C17/E$3),0) -> 0 | F17: =IF(F$3<=$D17,INT(($C17-SUMPRODUCT($E17:E17,$E$3:E$3))/F$3),0) -> 0 | G17: =IF(G$3<=$D17,INT(($C17-SUMPRODUCT($E17:F17,$E$3:F$3))/G$3),0) -> 0 | H17: =IF(H$3<=$D17,INT(($C17-SUMPRODUCT($E17:G17,$E$3:G$3))/H$3),0) -> 5 | I17: =IF(I$3<=$D17,INT(($C17-SUMPRODUCT($E17:H17,$E$3:H$3))/I$3),0) -> 3 | J17: =INT(($C17-SUMPRODUCT($E17:I17,$E$3:I$3))/J$3) -> 3 | K17: =SUM(E17:J17) -> 11 | L17: =SUMPRODUCT(E17:J17,$E$3:$J$3) -> 143
A18: ='스테이지별 골드'!C8 -> 1-4 | B18: 황금 (보너스) | C18: ='스테이지별 골드'!P8 -> 86 | D18: =IF(C18>=E$3*설정!$B$10,E$3,IF(C18>=F$3*설정!$B$10,F$3,IF(C18>=G$3*설정!$B$10,G$3,IF(C18>=H$3*설정!$B$10,H$3,IF(C18>=I$3*설정!$B$10,I$3,J$3))))) -> 5 | E18: =IF(E$3<=$D18,INT($C18/E$3),0) -> 0 | F18: =IF(F$3<=$D18,INT(($C18-SUMPRODUCT($E18:E18,$E$3:E$3))/F$3),0) -> 0 | G18: =IF(G$3<=$D18,INT(($C18-SUMPRODUCT($E18:F18,$E$3:F$3))/G$3),0) -> 0 | H18: =IF(H$3<=$D18,INT(($C18-SUMPRODUCT($E18:G18,$E$3:G$3))/H$3),0) -> 0 | I18: =IF(I$3<=$D18,INT(($C18-SUMPRODUCT($E18:H18,$E$3:H$3))/I$3),0) -> 17 | J18: =INT(($C18-SUMPRODUCT($E18:I18,$E$3:I$3))/J$3) -> 1 | K18: =SUM(E18:J18) -> 18 | L18: =SUMPRODUCT(E18:J18,$E$3:$J$3) -> 86
A19: ='스테이지별 골드'!C9 -> 2-1 | B19: 일반 | C19: ='스테이지별 골드'!J9 -> 23 | D19: =IF(C19>=E$3*설정!$B$10,E$3,IF(C19>=F$3*설정!$B$10,F$3,IF(C19>=G$3*설정!$B$10,G$3,IF(C19>=H$3*설정!$B$10,H$3,IF(C19>=I$3*설정!$B$10,I$3,J$3))))) -> 1 | E19: =IF(E$3<=$D19,INT($C19/E$3),0) -> 0 | F19: =IF(F$3<=$D19,INT(($C19-SUMPRODUCT($E19:E19,$E$3:E$3))/F$3),0) -> 0 | G19: =IF(G$3<=$D19,INT(($C19-SUMPRODUCT($E19:F19,$E$3:F$3))/G$3),0) -> 0 | H19: =IF(H$3<=$D19,INT(($C19-SUMPRODUCT($E19:G19,$E$3:G$3))/H$3),0) -> 0 | I19: =IF(I$3<=$D19,INT(($C19-SUMPRODUCT($E19:H19,$E$3:H$3))/I$3),0) -> 0 | J19: =INT(($C19-SUMPRODUCT($E19:I19,$E$3:I$3))/J$3) -> 23 | K19: =SUM(E19:J19) -> 23 | L19: =SUMPRODUCT(E19:J19,$E$3:$J$3) -> 23
A20: ='스테이지별 골드'!C9 -> 2-1 | B20: 공격 | C20: ='스테이지별 골드'!K9 -> 36 | D20: =IF(C20>=E$3*설정!$B$10,E$3,IF(C20>=F$3*설정!$B$10,F$3,IF(C20>=G$3*설정!$B$10,G$3,IF(C20>=H$3*설정!$B$10,H$3,IF(C20>=I$3*설정!$B$10,I$3,J$3))))) -> 5 | E20: =IF(E$3<=$D20,INT($C20/E$3),0) -> 0 | F20: =IF(F$3<=$D20,INT(($C20-SUMPRODUCT($E20:E20,$E$3:E$3))/F$3),0) -> 0 | G20: =IF(G$3<=$D20,INT(($C20-SUMPRODUCT($E20:F20,$E$3:F$3))/G$3),0) -> 0 | H20: =IF(H$3<=$D20,INT(($C20-SUMPRODUCT($E20:G20,$E$3:G$3))/H$3),0) -> 0 | I20: =IF(I$3<=$D20,INT(($C20-SUMPRODUCT($E20:H20,$E$3:H$3))/I$3),0) -> 7 | J20: =INT(($C20-SUMPRODUCT($E20:I20,$E$3:I$3))/J$3) -> 1 | K20: =SUM(E20:J20) -> 8 | L20: =SUMPRODUCT(E20:J20,$E$3:$J$3) -> 36
A21: ='스테이지별 골드'!C9 -> 2-1 | B21: 황금 (보너스) | C21: ='스테이지별 골드'!P9 -> 104 | D21: =IF(C21>=E$3*설정!$B$10,E$3,IF(C21>=F$3*설정!$B$10,F$3,IF(C21>=G$3*설정!$B$10,G$3,IF(C21>=H$3*설정!$B$10,H$3,IF(C21>=I$3*설정!$B$10,I$3,J$3))))) -> 5 | E21: =IF(E$3<=$D21,INT($C21/E$3),0) -> 0 | F21: =IF(F$3<=$D21,INT(($C21-SUMPRODUCT($E21:E21,$E$3:E$3))/F$3),0) -> 0 | G21: =IF(G$3<=$D21,INT(($C21-SUMPRODUCT($E21:F21,$E$3:F$3))/G$3),0) -> 0 | H21: =IF(H$3<=$D21,INT(($C21-SUMPRODUCT($E21:G21,$E$3:G$3))/H$3),0) -> 0 | I21: =IF(I$3<=$D21,INT(($C21-SUMPRODUCT($E21:H21,$E$3:H$3))/I$3),0) -> 20 | J21: =INT(($C21-SUMPRODUCT($E21:I21,$E$3:I$3))/J$3) -> 4 | K21: =SUM(E21:J21) -> 24 | L21: =SUMPRODUCT(E21:J21,$E$3:$J$3) -> 104
A22: ='스테이지별 골드'!C10 -> 2-2 | B22: 일반 | C22: ='스테이지별 골드'!J10 -> 29 | D22: =IF(C22>=E$3*설정!$B$10,E$3,IF(C22>=F$3*설정!$B$10,F$3,IF(C22>=G$3*설정!$B$10,G$3,IF(C22>=H$3*설정!$B$10,H$3,IF(C22>=I$3*설정!$B$10,I$3,J$3))))) -> 5 | E22: =IF(E$3<=$D22,INT($C22/E$3),0) -> 0 | F22: =IF(F$3<=$D22,INT(($C22-SUMPRODUCT($E22:E22,$E$3:E$3))/F$3),0) -> 0 | G22: =IF(G$3<=$D22,INT(($C22-SUMPRODUCT($E22:F22,$E$3:F$3))/G$3),0) -> 0 | H22: =IF(H$3<=$D22,INT(($C22-SUMPRODUCT($E22:G22,$E$3:G$3))/H$3),0) -> 0 | I22: =IF(I$3<=$D22,INT(($C22-SUMPRODUCT($E22:H22,$E$3:H$3))/I$3),0) -> 5 | J22: =INT(($C22-SUMPRODUCT($E22:I22,$E$3:I$3))/J$3) -> 4 | K22: =SUM(E22:J22) -> 9 | L22: =SUMPRODUCT(E22:J22,$E$3:$J$3) -> 29
A23: ='스테이지별 골드'!C10 -> 2-2 | B23: 공격 | C23: ='스테이지별 골드'!K10 -> 46 | D23: =IF(C23>=E$3*설정!$B$10,E$3,IF(C23>=F$3*설정!$B$10,F$3,IF(C23>=G$3*설정!$B$10,G$3,IF(C23>=H$3*설정!$B$10,H$3,IF(C23>=I$3*설정!$B$10,I$3,J$3))))) -> 5 | E23: =IF(E$3<=$D23,INT($C23/E$3),0) -> 0 | F23: =IF(F$3<=$D23,INT(($C23-SUMPRODUCT($E23:E23,$E$3:E$3))/F$3),0) -> 0 | G23: =IF(G$3<=$D23,INT(($C23-SUMPRODUCT($E23:F23,$E$3:F$3))/G$3),0) -> 0 | H23: =IF(H$3<=$D23,INT(($C23-SUMPRODUCT($E23:G23,$E$3:G$3))/H$3),0) -> 0 | I23: =IF(I$3<=$D23,INT(($C23-SUMPRODUCT($E23:H23,$E$3:H$3))/I$3),0) -> 9 | J23: =INT(($C23-SUMPRODUCT($E23:I23,$E$3:I$3))/J$3) -> 1 | K23: =SUM(E23:J23) -> 10 | L23: =SUMPRODUCT(E23:J23,$E$3:$J$3) -> 46
A24: ='스테이지별 골드'!C10 -> 2-2 | B24: 랜드마크 | C24: ='스테이지별 골드'!L10 -> 218 | D24: =IF(C24>=E$3*설정!$B$10,E$3,IF(C24>=F$3*설정!$B$10,F$3,IF(C24>=G$3*설정!$B$10,G$3,IF(C24>=H$3*설정!$B$10,H$3,IF(C24>=I$3*설정!$B$10,I$3,J$3))))) -> 25 | E24: =IF(E$3<=$D24,INT($C24/E$3),0) -> 0 | F24: =IF(F$3<=$D24,INT(($C24-SUMPRODUCT($E24:E24,$E$3:E$3))/F$3),0) -> 0 | G24: =IF(G$3<=$D24,INT(($C24-SUMPRODUCT($E24:F24,$E$3:F$3))/G$3),0) -> 0 | H24: =IF(H$3<=$D24,INT(($C24-SUMPRODUCT($E24:G24,$E$3:G$3))/H$3),0) -> 8 | I24: =IF(I$3<=$D24,INT(($C24-SUMPRODUCT($E24:H24,$E$3:H$3))/I$3),0) -> 3 | J24: =INT(($C24-SUMPRODUCT($E24:I24,$E$3:I$3))/J$3) -> 3 | K24: =SUM(E24:J24) -> 14 | L24: =SUMPRODUCT(E24:J24,$E$3:$J$3) -> 218
A25: ='스테이지별 골드'!C10 -> 2-2 | B25: 황금 (보너스) | C25: ='스테이지별 골드'!P10 -> 131 | D25: =IF(C25>=E$3*설정!$B$10,E$3,IF(C25>=F$3*설정!$B$10,F$3,IF(C25>=G$3*설정!$B$10,G$3,IF(C25>=H$3*설정!$B$10,H$3,IF(C25>=I$3*설정!$B$10,I$3,J$3))))) -> 25 | E25: =IF(E$3<=$D25,INT($C25/E$3),0) -> 0 | F25: =IF(F$3<=$D25,INT(($C25-SUMPRODUCT($E25:E25,$E$3:E$3))/F$3),0) -> 0 | G25: =IF(G$3<=$D25,INT(($C25-SUMPRODUCT($E25:F25,$E$3:F$3))/G$3),0) -> 0 | H25: =IF(H$3<=$D25,INT(($C25-SUMPRODUCT($E25:G25,$E$3:G$3))/H$3),0) -> 5 | I25: =IF(I$3<=$D25,INT(($C25-SUMPRODUCT($E25:H25,$E$3:H$3))/I$3),0) -> 1 | J25: =INT(($C25-SUMPRODUCT($E25:I25,$E$3:I$3))/J$3) -> 1 | K25: =SUM(E25:J25) -> 7 | L25: =SUMPRODUCT(E25:J25,$E$3:$J$3) -> 131
A26: ='스테이지별 골드'!C11 -> 2-3 | B26: 일반 | C26: ='스테이지별 골드'!J11 -> 35 | D26: =IF(C26>=E$3*설정!$B$10,E$3,IF(C26>=F$3*설정!$B$10,F$3,IF(C26>=G$3*설정!$B$10,G$3,IF(C26>=H$3*설정!$B$10,H$3,IF(C26>=I$3*설정!$B$10,I$3,J$3))))) -> 5 | E26: =IF(E$3<=$D26,INT($C26/E$3),0) -> 0 | F26: =IF(F$3<=$D26,INT(($C26-SUMPRODUCT($E26:E26,$E$3:E$3))/F$3),0) -> 0 | G26: =IF(G$3<=$D26,INT(($C26-SUMPRODUCT($E26:F26,$E$3:F$3))/G$3),0) -> 0 | H26: =IF(H$3<=$D26,INT(($C26-SUMPRODUCT($E26:G26,$E$3:G$3))/H$3),0) -> 0 | I26: =IF(I$3<=$D26,INT(($C26-SUMPRODUCT($E26:H26,$E$3:H$3))/I$3),0) -> 7 | J26: =INT(($C26-SUMPRODUCT($E26:I26,$E$3:I$3))/J$3) -> 0 | K26: =SUM(E26:J26) -> 7 | L26: =SUMPRODUCT(E26:J26,$E$3:$J$3) -> 35
A27: ='스테이지별 골드'!C11 -> 2-3 | B27: 공격 | C27: ='스테이지별 골드'!K11 -> 55 | D27: =IF(C27>=E$3*설정!$B$10,E$3,IF(C27>=F$3*설정!$B$10,F$3,IF(C27>=G$3*설정!$B$10,G$3,IF(C27>=H$3*설정!$B$10,H$3,IF(C27>=I$3*설정!$B$10,I$3,J$3))))) -> 5 | E27: =IF(E$3<=$D27,INT($C27/E$3),0) -> 0 | F27: =IF(F$3<=$D27,INT(($C27-SUMPRODUCT($E27:E27,$E$3:E$3))/F$3),0) -> 0 | G27: =IF(G$3<=$D27,INT(($C27-SUMPRODUCT($E27:F27,$E$3:F$3))/G$3),0) -> 0 | H27: =IF(H$3<=$D27,INT(($C27-SUMPRODUCT($E27:G27,$E$3:G$3))/H$3),0) -> 0 | I27: =IF(I$3<=$D27,INT(($C27-SUMPRODUCT($E27:H27,$E$3:H$3))/I$3),0) -> 11 | J27: =INT(($C27-SUMPRODUCT($E27:I27,$E$3:I$3))/J$3) -> 0 | K27: =SUM(E27:J27) -> 11 | L27: =SUMPRODUCT(E27:J27,$E$3:$J$3) -> 55
A28: ='스테이지별 골드'!C11 -> 2-3 | B28: 황금 (보너스) | C28: ='스테이지별 골드'!P11 -> 158 | D28: =IF(C28>=E$3*설정!$B$10,E$3,IF(C28>=F$3*설정!$B$10,F$3,IF(C28>=G$3*설정!$B$10,G$3,IF(C28>=H$3*설정!$B$10,H$3,IF(C28>=I$3*설정!$B$10,I$3,J$3))))) -> 25 | E28: =IF(E$3<=$D28,INT($C28/E$3),0) -> 0 | F28: =IF(F$3<=$D28,INT(($C28-SUMPRODUCT($E28:E28,$E$3:E$3))/F$3),0) -> 0 | G28: =IF(G$3<=$D28,INT(($C28-SUMPRODUCT($E28:F28,$E$3:F$3))/G$3),0) -> 0 | H28: =IF(H$3<=$D28,INT(($C28-SUMPRODUCT($E28:G28,$E$3:G$3))/H$3),0) -> 6 | I28: =IF(I$3<=$D28,INT(($C28-SUMPRODUCT($E28:H28,$E$3:H$3))/I$3),0) -> 1 | J28: =INT(($C28-SUMPRODUCT($E28:I28,$E$3:I$3))/J$3) -> 3 | K28: =SUM(E28:J28) -> 10 | L28: =SUMPRODUCT(E28:J28,$E$3:$J$3) -> 158
A29: ='스테이지별 골드'!C12 -> 2-4 | B29: 일반 | C29: ='스테이지별 골드'!J12 -> 44 | D29: =IF(C29>=E$3*설정!$B$10,E$3,IF(C29>=F$3*설정!$B$10,F$3,IF(C29>=G$3*설정!$B$10,G$3,IF(C29>=H$3*설정!$B$10,H$3,IF(C29>=I$3*설정!$B$10,I$3,J$3))))) -> 5 | E29: =IF(E$3<=$D29,INT($C29/E$3),0) -> 0 | F29: =IF(F$3<=$D29,INT(($C29-SUMPRODUCT($E29:E29,$E$3:E$3))/F$3),0) -> 0 | G29: =IF(G$3<=$D29,INT(($C29-SUMPRODUCT($E29:F29,$E$3:F$3))/G$3),0) -> 0 | H29: =IF(H$3<=$D29,INT(($C29-SUMPRODUCT($E29:G29,$E$3:G$3))/H$3),0) -> 0 | I29: =IF(I$3<=$D29,INT(($C29-SUMPRODUCT($E29:H29,$E$3:H$3))/I$3),0) -> 8 | J29: =INT(($C29-SUMPRODUCT($E29:I29,$E$3:I$3))/J$3) -> 4 | K29: =SUM(E29:J29) -> 12 | L29: =SUMPRODUCT(E29:J29,$E$3:$J$3) -> 44
A30: ='스테이지별 골드'!C12 -> 2-4 | B30: 공격 | C30: ='스테이지별 골드'!K12 -> 69 | D30: =IF(C30>=E$3*설정!$B$10,E$3,IF(C30>=F$3*설정!$B$10,F$3,IF(C30>=G$3*설정!$B$10,G$3,IF(C30>=H$3*설정!$B$10,H$3,IF(C30>=I$3*설정!$B$10,I$3,J$3))))) -> 5 | E30: =IF(E$3<=$D30,INT($C30/E$3),0) -> 0 | F30: =IF(F$3<=$D30,INT(($C30-SUMPRODUCT($E30:E30,$E$3:E$3))/F$3),0) -> 0 | G30: =IF(G$3<=$D30,INT(($C30-SUMPRODUCT($E30:F30,$E$3:F$3))/G$3),0) -> 0 | H30: =IF(H$3<=$D30,INT(($C30-SUMPRODUCT($E30:G30,$E$3:G$3))/H$3),0) -> 0 | I30: =IF(I$3<=$D30,INT(($C30-SUMPRODUCT($E30:H30,$E$3:H$3))/I$3),0) -> 13 | J30: =INT(($C30-SUMPRODUCT($E30:I30,$E$3:I$3))/J$3) -> 4 | K30: =SUM(E30:J30) -> 17 | L30: =SUMPRODUCT(E30:J30,$E$3:$J$3) -> 69
A31: ='스테이지별 골드'!C12 -> 2-4 | B31: 랜드마크 | C31: ='스테이지별 골드'!L12 -> 330 | D31: =IF(C31>=E$3*설정!$B$10,E$3,IF(C31>=F$3*설정!$B$10,F$3,IF(C31>=G$3*설정!$B$10,G$3,IF(C31>=H$3*설정!$B$10,H$3,IF(C31>=I$3*설정!$B$10,I$3,J$3))))) -> 25 | E31: =IF(E$3<=$D31,INT($C31/E$3),0) -> 0 | F31: =IF(F$3<=$D31,INT(($C31-SUMPRODUCT($E31:E31,$E$3:E$3))/F$3),0) -> 0 | G31: =IF(G$3<=$D31,INT(($C31-SUMPRODUCT($E31:F31,$E$3:F$3))/G$3),0) -> 0 | H31: =IF(H$3<=$D31,INT(($C31-SUMPRODUCT($E31:G31,$E$3:G$3))/H$3),0) -> 13 | I31: =IF(I$3<=$D31,INT(($C31-SUMPRODUCT($E31:H31,$E$3:H$3))/I$3),0) -> 1 | J31: =INT(($C31-SUMPRODUCT($E31:I31,$E$3:I$3))/J$3) -> 0 | K31: =SUM(E31:J31) -> 14 | L31: =SUMPRODUCT(E31:J31,$E$3:$J$3) -> 330
A32: ='스테이지별 골드'!C12 -> 2-4 | B32: 황금 (보너스) | C32: ='스테이지별 골드'!P12 -> 198 | D32: =IF(C32>=E$3*설정!$B$10,E$3,IF(C32>=F$3*설정!$B$10,F$3,IF(C32>=G$3*설정!$B$10,G$3,IF(C32>=H$3*설정!$B$10,H$3,IF(C32>=I$3*설정!$B$10,I$3,J$3))))) -> 25 | E32: =IF(E$3<=$D32,INT($C32/E$3),0) -> 0 | F32: =IF(F$3<=$D32,INT(($C32-SUMPRODUCT($E32:E32,$E$3:E$3))/F$3),0) -> 0 | G32: =IF(G$3<=$D32,INT(($C32-SUMPRODUCT($E32:F32,$E$3:F$3))/G$3),0) -> 0 | H32: =IF(H$3<=$D32,INT(($C32-SUMPRODUCT($E32:G32,$E$3:G$3))/H$3),0) -> 7 | I32: =IF(I$3<=$D32,INT(($C32-SUMPRODUCT($E32:H32,$E$3:H$3))/I$3),0) -> 4 | J32: =INT(($C32-SUMPRODUCT($E32:I32,$E$3:I$3))/J$3) -> 3 | K32: =SUM(E32:J32) -> 14 | L32: =SUMPRODUCT(E32:J32,$E$3:$J$3) -> 198
A33: ='스테이지별 골드'!C13 -> 3-1 | B33: 일반 | C33: ='스테이지별 골드'!J13 -> 53 | D33: =IF(C33>=E$3*설정!$B$10,E$3,IF(C33>=F$3*설정!$B$10,F$3,IF(C33>=G$3*설정!$B$10,G$3,IF(C33>=H$3*설정!$B$10,H$3,IF(C33>=I$3*설정!$B$10,I$3,J$3))))) -> 5 | E33: =IF(E$3<=$D33,INT($C33/E$3),0) -> 0 | F33: =IF(F$3<=$D33,INT(($C33-SUMPRODUCT($E33:E33,$E$3:E$3))/F$3),0) -> 0 | G33: =IF(G$3<=$D33,INT(($C33-SUMPRODUCT($E33:F33,$E$3:F$3))/G$3),0) -> 0 | H33: =IF(H$3<=$D33,INT(($C33-SUMPRODUCT($E33:G33,$E$3:G$3))/H$3),0) -> 0 | I33: =IF(I$3<=$D33,INT(($C33-SUMPRODUCT($E33:H33,$E$3:H$3))/I$3),0) -> 10 | J33: =INT(($C33-SUMPRODUCT($E33:I33,$E$3:I$3))/J$3) -> 3 | K33: =SUM(E33:J33) -> 13 | L33: =SUMPRODUCT(E33:J33,$E$3:$J$3) -> 53
A34: ='스테이지별 골드'!C13 -> 3-1 | B34: 공격 | C34: ='스테이지별 골드'!K13 -> 84 | D34: =IF(C34>=E$3*설정!$B$10,E$3,IF(C34>=F$3*설정!$B$10,F$3,IF(C34>=G$3*설정!$B$10,G$3,IF(C34>=H$3*설정!$B$10,H$3,IF(C34>=I$3*설정!$B$10,I$3,J$3))))) -> 5 | E34: =IF(E$3<=$D34,INT($C34/E$3),0) -> 0 | F34: =IF(F$3<=$D34,INT(($C34-SUMPRODUCT($E34:E34,$E$3:E$3))/F$3),0) -> 0 | G34: =IF(G$3<=$D34,INT(($C34-SUMPRODUCT($E34:F34,$E$3:F$3))/G$3),0) -> 0 | H34: =IF(H$3<=$D34,INT(($C34-SUMPRODUCT($E34:G34,$E$3:G$3))/H$3),0) -> 0 | I34: =IF(I$3<=$D34,INT(($C34-SUMPRODUCT($E34:H34,$E$3:H$3))/I$3),0) -> 16 | J34: =INT(($C34-SUMPRODUCT($E34:I34,$E$3:I$3))/J$3) -> 4 | K34: =SUM(E34:J34) -> 20 | L34: =SUMPRODUCT(E34:J34,$E$3:$J$3) -> 84
A35: ='스테이지별 골드'!C13 -> 3-1 | B35: 황금 (보너스) | C35: ='스테이지별 골드'!P13 -> 239 | D35: =IF(C35>=E$3*설정!$B$10,E$3,IF(C35>=F$3*설정!$B$10,F$3,IF(C35>=G$3*설정!$B$10,G$3,IF(C35>=H$3*설정!$B$10,H$3,IF(C35>=I$3*설정!$B$10,I$3,J$3))))) -> 25 | E35: =IF(E$3<=$D35,INT($C35/E$3),0) -> 0 | F35: =IF(F$3<=$D35,INT(($C35-SUMPRODUCT($E35:E35,$E$3:E$3))/F$3),0) -> 0 | G35: =IF(G$3<=$D35,INT(($C35-SUMPRODUCT($E35:F35,$E$3:F$3))/G$3),0) -> 0 | H35: =IF(H$3<=$D35,INT(($C35-SUMPRODUCT($E35:G35,$E$3:G$3))/H$3),0) -> 9 | I35: =IF(I$3<=$D35,INT(($C35-SUMPRODUCT($E35:H35,$E$3:H$3))/I$3),0) -> 2 | J35: =INT(($C35-SUMPRODUCT($E35:I35,$E$3:I$3))/J$3) -> 4 | K35: =SUM(E35:J35) -> 15 | L35: =SUMPRODUCT(E35:J35,$E$3:$J$3) -> 239
A36: ='스테이지별 골드'!C14 -> 3-2 | B36: 일반 | C36: ='스테이지별 골드'!J14 -> 66 | D36: =IF(C36>=E$3*설정!$B$10,E$3,IF(C36>=F$3*설정!$B$10,F$3,IF(C36>=G$3*설정!$B$10,G$3,IF(C36>=H$3*설정!$B$10,H$3,IF(C36>=I$3*설정!$B$10,I$3,J$3))))) -> 5 | E36: =IF(E$3<=$D36,INT($C36/E$3),0) -> 0 | F36: =IF(F$3<=$D36,INT(($C36-SUMPRODUCT($E36:E36,$E$3:E$3))/F$3),0) -> 0 | G36: =IF(G$3<=$D36,INT(($C36-SUMPRODUCT($E36:F36,$E$3:F$3))/G$3),0) -> 0 | H36: =IF(H$3<=$D36,INT(($C36-SUMPRODUCT($E36:G36,$E$3:G$3))/H$3),0) -> 0 | I36: =IF(I$3<=$D36,INT(($C36-SUMPRODUCT($E36:H36,$E$3:H$3))/I$3),0) -> 13 | J36: =INT(($C36-SUMPRODUCT($E36:I36,$E$3:I$3))/J$3) -> 1 | K36: =SUM(E36:J36) -> 14 | L36: =SUMPRODUCT(E36:J36,$E$3:$J$3) -> 66
A37: ='스테이지별 골드'!C14 -> 3-2 | B37: 공격 | C37: ='스테이지별 골드'!K14 -> 103 | D37: =IF(C37>=E$3*설정!$B$10,E$3,IF(C37>=F$3*설정!$B$10,F$3,IF(C37>=G$3*설정!$B$10,G$3,IF(C37>=H$3*설정!$B$10,H$3,IF(C37>=I$3*설정!$B$10,I$3,J$3))))) -> 5 | E37: =IF(E$3<=$D37,INT($C37/E$3),0) -> 0 | F37: =IF(F$3<=$D37,INT(($C37-SUMPRODUCT($E37:E37,$E$3:E$3))/F$3),0) -> 0 | G37: =IF(G$3<=$D37,INT(($C37-SUMPRODUCT($E37:F37,$E$3:F$3))/G$3),0) -> 0 | H37: =IF(H$3<=$D37,INT(($C37-SUMPRODUCT($E37:G37,$E$3:G$3))/H$3),0) -> 0 | I37: =IF(I$3<=$D37,INT(($C37-SUMPRODUCT($E37:H37,$E$3:H$3))/I$3),0) -> 20 | J37: =INT(($C37-SUMPRODUCT($E37:I37,$E$3:I$3))/J$3) -> 3 | K37: =SUM(E37:J37) -> 23 | L37: =SUMPRODUCT(E37:J37,$E$3:$J$3) -> 103
A38: ='스테이지별 골드'!C14 -> 3-2 | B38: 랜드마크 | C38: ='스테이지별 골드'!L14 -> 495 | D38: =IF(C38>=E$3*설정!$B$10,E$3,IF(C38>=F$3*설정!$B$10,F$3,IF(C38>=G$3*설정!$B$10,G$3,IF(C38>=H$3*설정!$B$10,H$3,IF(C38>=I$3*설정!$B$10,I$3,J$3))))) -> 25 | E38: =IF(E$3<=$D38,INT($C38/E$3),0) -> 0 | F38: =IF(F$3<=$D38,INT(($C38-SUMPRODUCT($E38:E38,$E$3:E$3))/F$3),0) -> 0 | G38: =IF(G$3<=$D38,INT(($C38-SUMPRODUCT($E38:F38,$E$3:F$3))/G$3),0) -> 0 | H38: =IF(H$3<=$D38,INT(($C38-SUMPRODUCT($E38:G38,$E$3:G$3))/H$3),0) -> 19 | I38: =IF(I$3<=$D38,INT(($C38-SUMPRODUCT($E38:H38,$E$3:H$3))/I$3),0) -> 4 | J38: =INT(($C38-SUMPRODUCT($E38:I38,$E$3:I$3))/J$3) -> 0 | K38: =SUM(E38:J38) -> 23 | L38: =SUMPRODUCT(E38:J38,$E$3:$J$3) -> 495
A39: ='스테이지별 골드'!C14 -> 3-2 | B39: 황금 (보너스) | C39: ='스테이지별 골드'!P14 -> 297 | D39: =IF(C39>=E$3*설정!$B$10,E$3,IF(C39>=F$3*설정!$B$10,F$3,IF(C39>=G$3*설정!$B$10,G$3,IF(C39>=H$3*설정!$B$10,H$3,IF(C39>=I$3*설정!$B$10,I$3,J$3))))) -> 25 | E39: =IF(E$3<=$D39,INT($C39/E$3),0) -> 0 | F39: =IF(F$3<=$D39,INT(($C39-SUMPRODUCT($E39:E39,$E$3:E$3))/F$3),0) -> 0 | G39: =IF(G$3<=$D39,INT(($C39-SUMPRODUCT($E39:F39,$E$3:F$3))/G$3),0) -> 0 | H39: =IF(H$3<=$D39,INT(($C39-SUMPRODUCT($E39:G39,$E$3:G$3))/H$3),0) -> 11 | I39: =IF(I$3<=$D39,INT(($C39-SUMPRODUCT($E39:H39,$E$3:H$3))/I$3),0) -> 4 | J39: =INT(($C39-SUMPRODUCT($E39:I39,$E$3:I$3))/J$3) -> 2 | K39: =SUM(E39:J39) -> 17 | L39: =SUMPRODUCT(E39:J39,$E$3:$J$3) -> 297
A40: ='스테이지별 골드'!C15 -> 3-3 | B40: 일반 | C40: ='스테이지별 골드'!J15 -> 80 | D40: =IF(C40>=E$3*설정!$B$10,E$3,IF(C40>=F$3*설정!$B$10,F$3,IF(C40>=G$3*설정!$B$10,G$3,IF(C40>=H$3*설정!$B$10,H$3,IF(C40>=I$3*설정!$B$10,I$3,J$3))))) -> 5 | E40: =IF(E$3<=$D40,INT($C40/E$3),0) -> 0 | F40: =IF(F$3<=$D40,INT(($C40-SUMPRODUCT($E40:E40,$E$3:E$3))/F$3),0) -> 0 | G40: =IF(G$3<=$D40,INT(($C40-SUMPRODUCT($E40:F40,$E$3:F$3))/G$3),0) -> 0 | H40: =IF(H$3<=$D40,INT(($C40-SUMPRODUCT($E40:G40,$E$3:G$3))/H$3),0) -> 0 | I40: =IF(I$3<=$D40,INT(($C40-SUMPRODUCT($E40:H40,$E$3:H$3))/I$3),0) -> 16 | J40: =INT(($C40-SUMPRODUCT($E40:I40,$E$3:I$3))/J$3) -> 0 | K40: =SUM(E40:J40) -> 16 | L40: =SUMPRODUCT(E40:J40,$E$3:$J$3) -> 80
A41: ='스테이지별 골드'!C15 -> 3-3 | B41: 공격 | C41: ='스테이지별 골드'!K15 -> 126 | D41: =IF(C41>=E$3*설정!$B$10,E$3,IF(C41>=F$3*설정!$B$10,F$3,IF(C41>=G$3*설정!$B$10,G$3,IF(C41>=H$3*설정!$B$10,H$3,IF(C41>=I$3*설정!$B$10,I$3,J$3))))) -> 25 | E41: =IF(E$3<=$D41,INT($C41/E$3),0) -> 0 | F41: =IF(F$3<=$D41,INT(($C41-SUMPRODUCT($E41:E41,$E$3:E$3))/F$3),0) -> 0 | G41: =IF(G$3<=$D41,INT(($C41-SUMPRODUCT($E41:F41,$E$3:F$3))/G$3),0) -> 0 | H41: =IF(H$3<=$D41,INT(($C41-SUMPRODUCT($E41:G41,$E$3:G$3))/H$3),0) -> 5 | I41: =IF(I$3<=$D41,INT(($C41-SUMPRODUCT($E41:H41,$E$3:H$3))/I$3),0) -> 0 | J41: =INT(($C41-SUMPRODUCT($E41:I41,$E$3:I$3))/J$3) -> 1 | K41: =SUM(E41:J41) -> 6 | L41: =SUMPRODUCT(E41:J41,$E$3:$J$3) -> 126
A42: ='스테이지별 골드'!C15 -> 3-3 | B42: 황금 (보너스) | C42: ='스테이지별 골드'!P15 -> 360 | D42: =IF(C42>=E$3*설정!$B$10,E$3,IF(C42>=F$3*설정!$B$10,F$3,IF(C42>=G$3*설정!$B$10,G$3,IF(C42>=H$3*설정!$B$10,H$3,IF(C42>=I$3*설정!$B$10,I$3,J$3))))) -> 25 | E42: =IF(E$3<=$D42,INT($C42/E$3),0) -> 0 | F42: =IF(F$3<=$D42,INT(($C42-SUMPRODUCT($E42:E42,$E$3:E$3))/F$3),0) -> 0 | G42: =IF(G$3<=$D42,INT(($C42-SUMPRODUCT($E42:F42,$E$3:F$3))/G$3),0) -> 0 | H42: =IF(H$3<=$D42,INT(($C42-SUMPRODUCT($E42:G42,$E$3:G$3))/H$3),0) -> 14 | I42: =IF(I$3<=$D42,INT(($C42-SUMPRODUCT($E42:H42,$E$3:H$3))/I$3),0) -> 2 | J42: =INT(($C42-SUMPRODUCT($E42:I42,$E$3:I$3))/J$3) -> 0 | K42: =SUM(E42:J42) -> 16 | L42: =SUMPRODUCT(E42:J42,$E$3:$J$3) -> 360
A43: ='스테이지별 골드'!C16 -> 3-4 | B43: 일반 | C43: ='스테이지별 골드'!J16 -> 100 | D43: =IF(C43>=E$3*설정!$B$10,E$3,IF(C43>=F$3*설정!$B$10,F$3,IF(C43>=G$3*설정!$B$10,G$3,IF(C43>=H$3*설정!$B$10,H$3,IF(C43>=I$3*설정!$B$10,I$3,J$3))))) -> 5 | E43: =IF(E$3<=$D43,INT($C43/E$3),0) -> 0 | F43: =IF(F$3<=$D43,INT(($C43-SUMPRODUCT($E43:E43,$E$3:E$3))/F$3),0) -> 0 | G43: =IF(G$3<=$D43,INT(($C43-SUMPRODUCT($E43:F43,$E$3:F$3))/G$3),0) -> 0 | H43: =IF(H$3<=$D43,INT(($C43-SUMPRODUCT($E43:G43,$E$3:G$3))/H$3),0) -> 0 | I43: =IF(I$3<=$D43,INT(($C43-SUMPRODUCT($E43:H43,$E$3:H$3))/I$3),0) -> 20 | J43: =INT(($C43-SUMPRODUCT($E43:I43,$E$3:I$3))/J$3) -> 0 | K43: =SUM(E43:J43) -> 20 | L43: =SUMPRODUCT(E43:J43,$E$3:$J$3) -> 100
A44: ='스테이지별 골드'!C16 -> 3-4 | B44: 공격 | C44: ='스테이지별 골드'!K16 -> 156 | D44: =IF(C44>=E$3*설정!$B$10,E$3,IF(C44>=F$3*설정!$B$10,F$3,IF(C44>=G$3*설정!$B$10,G$3,IF(C44>=H$3*설정!$B$10,H$3,IF(C44>=I$3*설정!$B$10,I$3,J$3))))) -> 25 | E44: =IF(E$3<=$D44,INT($C44/E$3),0) -> 0 | F44: =IF(F$3<=$D44,INT(($C44-SUMPRODUCT($E44:E44,$E$3:E$3))/F$3),0) -> 0 | G44: =IF(G$3<=$D44,INT(($C44-SUMPRODUCT($E44:F44,$E$3:F$3))/G$3),0) -> 0 | H44: =IF(H$3<=$D44,INT(($C44-SUMPRODUCT($E44:G44,$E$3:G$3))/H$3),0) -> 6 | I44: =IF(I$3<=$D44,INT(($C44-SUMPRODUCT($E44:H44,$E$3:H$3))/I$3),0) -> 1 | J44: =INT(($C44-SUMPRODUCT($E44:I44,$E$3:I$3))/J$3) -> 1 | K44: =SUM(E44:J44) -> 8 | L44: =SUMPRODUCT(E44:J44,$E$3:$J$3) -> 156
A45: ='스테이지별 골드'!C16 -> 3-4 | B45: 랜드마크 | C45: ='스테이지별 골드'!L16 -> 750 | D45: =IF(C45>=E$3*설정!$B$10,E$3,IF(C45>=F$3*설정!$B$10,F$3,IF(C45>=G$3*설정!$B$10,G$3,IF(C45>=H$3*설정!$B$10,H$3,IF(C45>=I$3*설정!$B$10,I$3,J$3))))) -> 100 | E45: =IF(E$3<=$D45,INT($C45/E$3),0) -> 0 | F45: =IF(F$3<=$D45,INT(($C45-SUMPRODUCT($E45:E45,$E$3:E$3))/F$3),0) -> 0 | G45: =IF(G$3<=$D45,INT(($C45-SUMPRODUCT($E45:F45,$E$3:F$3))/G$3),0) -> 7 | H45: =IF(H$3<=$D45,INT(($C45-SUMPRODUCT($E45:G45,$E$3:G$3))/H$3),0) -> 2 | I45: =IF(I$3<=$D45,INT(($C45-SUMPRODUCT($E45:H45,$E$3:H$3))/I$3),0) -> 0 | J45: =INT(($C45-SUMPRODUCT($E45:I45,$E$3:I$3))/J$3) -> 0 | K45: =SUM(E45:J45) -> 9 | L45: =SUMPRODUCT(E45:J45,$E$3:$J$3) -> 750
A46: ='스테이지별 골드'!C16 -> 3-4 | B46: 황금 (보너스) | C46: ='스테이지별 골드'!P16 -> 450 | D46: =IF(C46>=E$3*설정!$B$10,E$3,IF(C46>=F$3*설정!$B$10,F$3,IF(C46>=G$3*설정!$B$10,G$3,IF(C46>=H$3*설정!$B$10,H$3,IF(C46>=I$3*설정!$B$10,I$3,J$3))))) -> 25 | E46: =IF(E$3<=$D46,INT($C46/E$3),0) -> 0 | F46: =IF(F$3<=$D46,INT(($C46-SUMPRODUCT($E46:E46,$E$3:E$3))/F$3),0) -> 0 | G46: =IF(G$3<=$D46,INT(($C46-SUMPRODUCT($E46:F46,$E$3:F$3))/G$3),0) -> 0 | H46: =IF(H$3<=$D46,INT(($C46-SUMPRODUCT($E46:G46,$E$3:G$3))/H$3),0) -> 18 | I46: =IF(I$3<=$D46,INT(($C46-SUMPRODUCT($E46:H46,$E$3:H$3))/I$3),0) -> 0 | J46: =INT(($C46-SUMPRODUCT($E46:I46,$E$3:I$3))/J$3) -> 0 | K46: =SUM(E46:J46) -> 18 | L46: =SUMPRODUCT(E46:J46,$E$3:$J$3) -> 450
A47: ='스테이지별 골드'!C17 -> 4-1 | B47: 일반 | C47: ='스테이지별 골드'!J17 -> 120 | D47: =IF(C47>=E$3*설정!$B$10,E$3,IF(C47>=F$3*설정!$B$10,F$3,IF(C47>=G$3*설정!$B$10,G$3,IF(C47>=H$3*설정!$B$10,H$3,IF(C47>=I$3*설정!$B$10,I$3,J$3))))) -> 5 | E47: =IF(E$3<=$D47,INT($C47/E$3),0) -> 0 | F47: =IF(F$3<=$D47,INT(($C47-SUMPRODUCT($E47:E47,$E$3:E$3))/F$3),0) -> 0 | G47: =IF(G$3<=$D47,INT(($C47-SUMPRODUCT($E47:F47,$E$3:F$3))/G$3),0) -> 0 | H47: =IF(H$3<=$D47,INT(($C47-SUMPRODUCT($E47:G47,$E$3:G$3))/H$3),0) -> 0 | I47: =IF(I$3<=$D47,INT(($C47-SUMPRODUCT($E47:H47,$E$3:H$3))/I$3),0) -> 24 | J47: =INT(($C47-SUMPRODUCT($E47:I47,$E$3:I$3))/J$3) -> 0 | K47: =SUM(E47:J47) -> 24 | L47: =SUMPRODUCT(E47:J47,$E$3:$J$3) -> 120
A48: ='스테이지별 골드'!C17 -> 4-1 | B48: 공격 | C48: ='스테이지별 골드'!K17 -> 187 | D48: =IF(C48>=E$3*설정!$B$10,E$3,IF(C48>=F$3*설정!$B$10,F$3,IF(C48>=G$3*설정!$B$10,G$3,IF(C48>=H$3*설정!$B$10,H$3,IF(C48>=I$3*설정!$B$10,I$3,J$3))))) -> 25 | E48: =IF(E$3<=$D48,INT($C48/E$3),0) -> 0 | F48: =IF(F$3<=$D48,INT(($C48-SUMPRODUCT($E48:E48,$E$3:E$3))/F$3),0) -> 0 | G48: =IF(G$3<=$D48,INT(($C48-SUMPRODUCT($E48:F48,$E$3:F$3))/G$3),0) -> 0 | H48: =IF(H$3<=$D48,INT(($C48-SUMPRODUCT($E48:G48,$E$3:G$3))/H$3),0) -> 7 | I48: =IF(I$3<=$D48,INT(($C48-SUMPRODUCT($E48:H48,$E$3:H$3))/I$3),0) -> 2 | J48: =INT(($C48-SUMPRODUCT($E48:I48,$E$3:I$3))/J$3) -> 2 | K48: =SUM(E48:J48) -> 11 | L48: =SUMPRODUCT(E48:J48,$E$3:$J$3) -> 187
A49: ='스테이지별 골드'!C17 -> 4-1 | B49: 황금 (보너스) | C49: ='스테이지별 골드'!P17 -> 540 | D49: =IF(C49>=E$3*설정!$B$10,E$3,IF(C49>=F$3*설정!$B$10,F$3,IF(C49>=G$3*설정!$B$10,G$3,IF(C49>=H$3*설정!$B$10,H$3,IF(C49>=I$3*설정!$B$10,I$3,J$3))))) -> 100 | E49: =IF(E$3<=$D49,INT($C49/E$3),0) -> 0 | F49: =IF(F$3<=$D49,INT(($C49-SUMPRODUCT($E49:E49,$E$3:E$3))/F$3),0) -> 0 | G49: =IF(G$3<=$D49,INT(($C49-SUMPRODUCT($E49:F49,$E$3:F$3))/G$3),0) -> 5 | H49: =IF(H$3<=$D49,INT(($C49-SUMPRODUCT($E49:G49,$E$3:G$3))/H$3),0) -> 1 | I49: =IF(I$3<=$D49,INT(($C49-SUMPRODUCT($E49:H49,$E$3:H$3))/I$3),0) -> 3 | J49: =INT(($C49-SUMPRODUCT($E49:I49,$E$3:I$3))/J$3) -> 0 | K49: =SUM(E49:J49) -> 9 | L49: =SUMPRODUCT(E49:J49,$E$3:$J$3) -> 540
A50: ='스테이지별 골드'!C18 -> 4-2 | B50: 일반 | C50: ='스테이지별 골드'!J18 -> 150 | D50: =IF(C50>=E$3*설정!$B$10,E$3,IF(C50>=F$3*설정!$B$10,F$3,IF(C50>=G$3*설정!$B$10,G$3,IF(C50>=H$3*설정!$B$10,H$3,IF(C50>=I$3*설정!$B$10,I$3,J$3))))) -> 25 | E50: =IF(E$3<=$D50,INT($C50/E$3),0) -> 0 | F50: =IF(F$3<=$D50,INT(($C50-SUMPRODUCT($E50:E50,$E$3:E$3))/F$3),0) -> 0 | G50: =IF(G$3<=$D50,INT(($C50-SUMPRODUCT($E50:F50,$E$3:F$3))/G$3),0) -> 0 | H50: =IF(H$3<=$D50,INT(($C50-SUMPRODUCT($E50:G50,$E$3:G$3))/H$3),0) -> 6 | I50: =IF(I$3<=$D50,INT(($C50-SUMPRODUCT($E50:H50,$E$3:H$3))/I$3),0) -> 0 | J50: =INT(($C50-SUMPRODUCT($E50:I50,$E$3:I$3))/J$3) -> 0 | K50: =SUM(E50:J50) -> 6 | L50: =SUMPRODUCT(E50:J50,$E$3:$J$3) -> 150
A51: ='스테이지별 골드'!C18 -> 4-2 | B51: 공격 | C51: ='스테이지별 골드'!K18 -> 234 | D51: =IF(C51>=E$3*설정!$B$10,E$3,IF(C51>=F$3*설정!$B$10,F$3,IF(C51>=G$3*설정!$B$10,G$3,IF(C51>=H$3*설정!$B$10,H$3,IF(C51>=I$3*설정!$B$10,I$3,J$3))))) -> 25 | E51: =IF(E$3<=$D51,INT($C51/E$3),0) -> 0 | F51: =IF(F$3<=$D51,INT(($C51-SUMPRODUCT($E51:E51,$E$3:E$3))/F$3),0) -> 0 | G51: =IF(G$3<=$D51,INT(($C51-SUMPRODUCT($E51:F51,$E$3:F$3))/G$3),0) -> 0 | H51: =IF(H$3<=$D51,INT(($C51-SUMPRODUCT($E51:G51,$E$3:G$3))/H$3),0) -> 9 | I51: =IF(I$3<=$D51,INT(($C51-SUMPRODUCT($E51:H51,$E$3:H$3))/I$3),0) -> 1 | J51: =INT(($C51-SUMPRODUCT($E51:I51,$E$3:I$3))/J$3) -> 4 | K51: =SUM(E51:J51) -> 14 | L51: =SUMPRODUCT(E51:J51,$E$3:$J$3) -> 234
A52: ='스테이지별 골드'!C18 -> 4-2 | B52: 랜드마크 | C52: ='스테이지별 골드'!L18 -> 1125 | D52: =IF(C52>=E$3*설정!$B$10,E$3,IF(C52>=F$3*설정!$B$10,F$3,IF(C52>=G$3*설정!$B$10,G$3,IF(C52>=H$3*설정!$B$10,H$3,IF(C52>=I$3*설정!$B$10,I$3,J$3))))) -> 100 | E52: =IF(E$3<=$D52,INT($C52/E$3),0) -> 0 | F52: =IF(F$3<=$D52,INT(($C52-SUMPRODUCT($E52:E52,$E$3:E$3))/F$3),0) -> 0 | G52: =IF(G$3<=$D52,INT(($C52-SUMPRODUCT($E52:F52,$E$3:F$3))/G$3),0) -> 11 | H52: =IF(H$3<=$D52,INT(($C52-SUMPRODUCT($E52:G52,$E$3:G$3))/H$3),0) -> 1 | I52: =IF(I$3<=$D52,INT(($C52-SUMPRODUCT($E52:H52,$E$3:H$3))/I$3),0) -> 0 | J52: =INT(($C52-SUMPRODUCT($E52:I52,$E$3:I$3))/J$3) -> 0 | K52: =SUM(E52:J52) -> 12 | L52: =SUMPRODUCT(E52:J52,$E$3:$J$3) -> 1125
A53: ='스테이지별 골드'!C18 -> 4-2 | B53: 황금 (보너스) | C53: ='스테이지별 골드'!P18 -> 675 | D53: =IF(C53>=E$3*설정!$B$10,E$3,IF(C53>=F$3*설정!$B$10,F$3,IF(C53>=G$3*설정!$B$10,G$3,IF(C53>=H$3*설정!$B$10,H$3,IF(C53>=I$3*설정!$B$10,I$3,J$3))))) -> 100 | E53: =IF(E$3<=$D53,INT($C53/E$3),0) -> 0 | F53: =IF(F$3<=$D53,INT(($C53-SUMPRODUCT($E53:E53,$E$3:E$3))/F$3),0) -> 0 | G53: =IF(G$3<=$D53,INT(($C53-SUMPRODUCT($E53:F53,$E$3:F$3))/G$3),0) -> 6 | H53: =IF(H$3<=$D53,INT(($C53-SUMPRODUCT($E53:G53,$E$3:G$3))/H$3),0) -> 3 | I53: =IF(I$3<=$D53,INT(($C53-SUMPRODUCT($E53:H53,$E$3:H$3))/I$3),0) -> 0 | J53: =INT(($C53-SUMPRODUCT($E53:I53,$E$3:I$3))/J$3) -> 0 | K53: =SUM(E53:J53) -> 9 | L53: =SUMPRODUCT(E53:J53,$E$3:$J$3) -> 675
A54: ='스테이지별 골드'!C19 -> 4-3 | B54: 일반 | C54: ='스테이지별 골드'!J19 -> 180 | D54: =IF(C54>=E$3*설정!$B$10,E$3,IF(C54>=F$3*설정!$B$10,F$3,IF(C54>=G$3*설정!$B$10,G$3,IF(C54>=H$3*설정!$B$10,H$3,IF(C54>=I$3*설정!$B$10,I$3,J$3))))) -> 25 | E54: =IF(E$3<=$D54,INT($C54/E$3),0) -> 0 | F54: =IF(F$3<=$D54,INT(($C54-SUMPRODUCT($E54:E54,$E$3:E$3))/F$3),0) -> 0 | G54: =IF(G$3<=$D54,INT(($C54-SUMPRODUCT($E54:F54,$E$3:F$3))/G$3),0) -> 0 | H54: =IF(H$3<=$D54,INT(($C54-SUMPRODUCT($E54:G54,$E$3:G$3))/H$3),0) -> 7 | I54: =IF(I$3<=$D54,INT(($C54-SUMPRODUCT($E54:H54,$E$3:H$3))/I$3),0) -> 1 | J54: =INT(($C54-SUMPRODUCT($E54:I54,$E$3:I$3))/J$3) -> 0 | K54: =SUM(E54:J54) -> 8 | L54: =SUMPRODUCT(E54:J54,$E$3:$J$3) -> 180
A55: ='스테이지별 골드'!C19 -> 4-3 | B55: 공격 | C55: ='스테이지별 골드'!K19 -> 281 | D55: =IF(C55>=E$3*설정!$B$10,E$3,IF(C55>=F$3*설정!$B$10,F$3,IF(C55>=G$3*설정!$B$10,G$3,IF(C55>=H$3*설정!$B$10,H$3,IF(C55>=I$3*설정!$B$10,I$3,J$3))))) -> 25 | E55: =IF(E$3<=$D55,INT($C55/E$3),0) -> 0 | F55: =IF(F$3<=$D55,INT(($C55-SUMPRODUCT($E55:E55,$E$3:E$3))/F$3),0) -> 0 | G55: =IF(G$3<=$D55,INT(($C55-SUMPRODUCT($E55:F55,$E$3:F$3))/G$3),0) -> 0 | H55: =IF(H$3<=$D55,INT(($C55-SUMPRODUCT($E55:G55,$E$3:G$3))/H$3),0) -> 11 | I55: =IF(I$3<=$D55,INT(($C55-SUMPRODUCT($E55:H55,$E$3:H$3))/I$3),0) -> 1 | J55: =INT(($C55-SUMPRODUCT($E55:I55,$E$3:I$3))/J$3) -> 1 | K55: =SUM(E55:J55) -> 13 | L55: =SUMPRODUCT(E55:J55,$E$3:$J$3) -> 281
A56: ='스테이지별 골드'!C19 -> 4-3 | B56: 황금 (보너스) | C56: ='스테이지별 골드'!P19 -> 810 | D56: =IF(C56>=E$3*설정!$B$10,E$3,IF(C56>=F$3*설정!$B$10,F$3,IF(C56>=G$3*설정!$B$10,G$3,IF(C56>=H$3*설정!$B$10,H$3,IF(C56>=I$3*설정!$B$10,I$3,J$3))))) -> 100 | E56: =IF(E$3<=$D56,INT($C56/E$3),0) -> 0 | F56: =IF(F$3<=$D56,INT(($C56-SUMPRODUCT($E56:E56,$E$3:E$3))/F$3),0) -> 0 | G56: =IF(G$3<=$D56,INT(($C56-SUMPRODUCT($E56:F56,$E$3:F$3))/G$3),0) -> 8 | H56: =IF(H$3<=$D56,INT(($C56-SUMPRODUCT($E56:G56,$E$3:G$3))/H$3),0) -> 0 | I56: =IF(I$3<=$D56,INT(($C56-SUMPRODUCT($E56:H56,$E$3:H$3))/I$3),0) -> 2 | J56: =INT(($C56-SUMPRODUCT($E56:I56,$E$3:I$3))/J$3) -> 0 | K56: =SUM(E56:J56) -> 10 | L56: =SUMPRODUCT(E56:J56,$E$3:$J$3) -> 810
A57: ='스테이지별 골드'!C20 -> 4-4 | B57: 일반 | C57: ='스테이지별 골드'!J20 -> 225 | D57: =IF(C57>=E$3*설정!$B$10,E$3,IF(C57>=F$3*설정!$B$10,F$3,IF(C57>=G$3*설정!$B$10,G$3,IF(C57>=H$3*설정!$B$10,H$3,IF(C57>=I$3*설정!$B$10,I$3,J$3))))) -> 25 | E57: =IF(E$3<=$D57,INT($C57/E$3),0) -> 0 | F57: =IF(F$3<=$D57,INT(($C57-SUMPRODUCT($E57:E57,$E$3:E$3))/F$3),0) -> 0 | G57: =IF(G$3<=$D57,INT(($C57-SUMPRODUCT($E57:F57,$E$3:F$3))/G$3),0) -> 0 | H57: =IF(H$3<=$D57,INT(($C57-SUMPRODUCT($E57:G57,$E$3:G$3))/H$3),0) -> 9 | I57: =IF(I$3<=$D57,INT(($C57-SUMPRODUCT($E57:H57,$E$3:H$3))/I$3),0) -> 0 | J57: =INT(($C57-SUMPRODUCT($E57:I57,$E$3:I$3))/J$3) -> 0 | K57: =SUM(E57:J57) -> 9 | L57: =SUMPRODUCT(E57:J57,$E$3:$J$3) -> 225
A58: ='스테이지별 골드'!C20 -> 4-4 | B58: 공격 | C58: ='스테이지별 골드'!K20 -> 351 | D58: =IF(C58>=E$3*설정!$B$10,E$3,IF(C58>=F$3*설정!$B$10,F$3,IF(C58>=G$3*설정!$B$10,G$3,IF(C58>=H$3*설정!$B$10,H$3,IF(C58>=I$3*설정!$B$10,I$3,J$3))))) -> 25 | E58: =IF(E$3<=$D58,INT($C58/E$3),0) -> 0 | F58: =IF(F$3<=$D58,INT(($C58-SUMPRODUCT($E58:E58,$E$3:E$3))/F$3),0) -> 0 | G58: =IF(G$3<=$D58,INT(($C58-SUMPRODUCT($E58:F58,$E$3:F$3))/G$3),0) -> 0 | H58: =IF(H$3<=$D58,INT(($C58-SUMPRODUCT($E58:G58,$E$3:G$3))/H$3),0) -> 14 | I58: =IF(I$3<=$D58,INT(($C58-SUMPRODUCT($E58:H58,$E$3:H$3))/I$3),0) -> 0 | J58: =INT(($C58-SUMPRODUCT($E58:I58,$E$3:I$3))/J$3) -> 1 | K58: =SUM(E58:J58) -> 15 | L58: =SUMPRODUCT(E58:J58,$E$3:$J$3) -> 351
A59: ='스테이지별 골드'!C20 -> 4-4 | B59: 랜드마크 | C59: ='스테이지별 골드'!L20 -> 1688 | D59: =IF(C59>=E$3*설정!$B$10,E$3,IF(C59>=F$3*설정!$B$10,F$3,IF(C59>=G$3*설정!$B$10,G$3,IF(C59>=H$3*설정!$B$10,H$3,IF(C59>=I$3*설정!$B$10,I$3,J$3))))) -> 100 | E59: =IF(E$3<=$D59,INT($C59/E$3),0) -> 0 | F59: =IF(F$3<=$D59,INT(($C59-SUMPRODUCT($E59:E59,$E$3:E$3))/F$3),0) -> 0 | G59: =IF(G$3<=$D59,INT(($C59-SUMPRODUCT($E59:F59,$E$3:F$3))/G$3),0) -> 16 | H59: =IF(H$3<=$D59,INT(($C59-SUMPRODUCT($E59:G59,$E$3:G$3))/H$3),0) -> 3 | I59: =IF(I$3<=$D59,INT(($C59-SUMPRODUCT($E59:H59,$E$3:H$3))/I$3),0) -> 2 | J59: =INT(($C59-SUMPRODUCT($E59:I59,$E$3:I$3))/J$3) -> 3 | K59: =SUM(E59:J59) -> 24 | L59: =SUMPRODUCT(E59:J59,$E$3:$J$3) -> 1688
A60: ='스테이지별 골드'!C20 -> 4-4 | B60: 황금 (보너스) | C60: ='스테이지별 골드'!P20 -> 1013 | D60: =IF(C60>=E$3*설정!$B$10,E$3,IF(C60>=F$3*설정!$B$10,F$3,IF(C60>=G$3*설정!$B$10,G$3,IF(C60>=H$3*설정!$B$10,H$3,IF(C60>=I$3*설정!$B$10,I$3,J$3))))) -> 100 | E60: =IF(E$3<=$D60,INT($C60/E$3),0) -> 0 | F60: =IF(F$3<=$D60,INT(($C60-SUMPRODUCT($E60:E60,$E$3:E$3))/F$3),0) -> 0 | G60: =IF(G$3<=$D60,INT(($C60-SUMPRODUCT($E60:F60,$E$3:F$3))/G$3),0) -> 10 | H60: =IF(H$3<=$D60,INT(($C60-SUMPRODUCT($E60:G60,$E$3:G$3))/H$3),0) -> 0 | I60: =IF(I$3<=$D60,INT(($C60-SUMPRODUCT($E60:H60,$E$3:H$3))/I$3),0) -> 2 | J60: =INT(($C60-SUMPRODUCT($E60:I60,$E$3:I$3))/J$3) -> 3 | K60: =SUM(E60:J60) -> 15 | L60: =SUMPRODUCT(E60:J60,$E$3:$J$3) -> 1013
A61: ='스테이지별 골드'!C21 -> 5-1 | B61: 일반 | C61: ='스테이지별 골드'!J21 -> 270 | D61: =IF(C61>=E$3*설정!$B$10,E$3,IF(C61>=F$3*설정!$B$10,F$3,IF(C61>=G$3*설정!$B$10,G$3,IF(C61>=H$3*설정!$B$10,H$3,IF(C61>=I$3*설정!$B$10,I$3,J$3))))) -> 25 | E61: =IF(E$3<=$D61,INT($C61/E$3),0) -> 0 | F61: =IF(F$3<=$D61,INT(($C61-SUMPRODUCT($E61:E61,$E$3:E$3))/F$3),0) -> 0 | G61: =IF(G$3<=$D61,INT(($C61-SUMPRODUCT($E61:F61,$E$3:F$3))/G$3),0) -> 0 | H61: =IF(H$3<=$D61,INT(($C61-SUMPRODUCT($E61:G61,$E$3:G$3))/H$3),0) -> 10 | I61: =IF(I$3<=$D61,INT(($C61-SUMPRODUCT($E61:H61,$E$3:H$3))/I$3),0) -> 4 | J61: =INT(($C61-SUMPRODUCT($E61:I61,$E$3:I$3))/J$3) -> 0 | K61: =SUM(E61:J61) -> 14 | L61: =SUMPRODUCT(E61:J61,$E$3:$J$3) -> 270
A62: ='스테이지별 골드'!C21 -> 5-1 | B62: 공격 | C62: ='스테이지별 골드'!K21 -> 421 | D62: =IF(C62>=E$3*설정!$B$10,E$3,IF(C62>=F$3*설정!$B$10,F$3,IF(C62>=G$3*설정!$B$10,G$3,IF(C62>=H$3*설정!$B$10,H$3,IF(C62>=I$3*설정!$B$10,I$3,J$3))))) -> 25 | E62: =IF(E$3<=$D62,INT($C62/E$3),0) -> 0 | F62: =IF(F$3<=$D62,INT(($C62-SUMPRODUCT($E62:E62,$E$3:E$3))/F$3),0) -> 0 | G62: =IF(G$3<=$D62,INT(($C62-SUMPRODUCT($E62:F62,$E$3:F$3))/G$3),0) -> 0 | H62: =IF(H$3<=$D62,INT(($C62-SUMPRODUCT($E62:G62,$E$3:G$3))/H$3),0) -> 16 | I62: =IF(I$3<=$D62,INT(($C62-SUMPRODUCT($E62:H62,$E$3:H$3))/I$3),0) -> 4 | J62: =INT(($C62-SUMPRODUCT($E62:I62,$E$3:I$3))/J$3) -> 1 | K62: =SUM(E62:J62) -> 21 | L62: =SUMPRODUCT(E62:J62,$E$3:$J$3) -> 421
A63: ='스테이지별 골드'!C21 -> 5-1 | B63: 황금 (보너스) | C63: ='스테이지별 골드'!P21 -> 1215 | D63: =IF(C63>=E$3*설정!$B$10,E$3,IF(C63>=F$3*설정!$B$10,F$3,IF(C63>=G$3*설정!$B$10,G$3,IF(C63>=H$3*설정!$B$10,H$3,IF(C63>=I$3*설정!$B$10,I$3,J$3))))) -> 100 | E63: =IF(E$3<=$D63,INT($C63/E$3),0) -> 0 | F63: =IF(F$3<=$D63,INT(($C63-SUMPRODUCT($E63:E63,$E$3:E$3))/F$3),0) -> 0 | G63: =IF(G$3<=$D63,INT(($C63-SUMPRODUCT($E63:F63,$E$3:F$3))/G$3),0) -> 12 | H63: =IF(H$3<=$D63,INT(($C63-SUMPRODUCT($E63:G63,$E$3:G$3))/H$3),0) -> 0 | I63: =IF(I$3<=$D63,INT(($C63-SUMPRODUCT($E63:H63,$E$3:H$3))/I$3),0) -> 3 | J63: =INT(($C63-SUMPRODUCT($E63:I63,$E$3:I$3))/J$3) -> 0 | K63: =SUM(E63:J63) -> 15 | L63: =SUMPRODUCT(E63:J63,$E$3:$J$3) -> 1215
A64: ='스테이지별 골드'!C22 -> 5-2 | B64: 일반 | C64: ='스테이지별 골드'!J22 -> 340 | D64: =IF(C64>=E$3*설정!$B$10,E$3,IF(C64>=F$3*설정!$B$10,F$3,IF(C64>=G$3*설정!$B$10,G$3,IF(C64>=H$3*설정!$B$10,H$3,IF(C64>=I$3*설정!$B$10,I$3,J$3))))) -> 25 | E64: =IF(E$3<=$D64,INT($C64/E$3),0) -> 0 | F64: =IF(F$3<=$D64,INT(($C64-SUMPRODUCT($E64:E64,$E$3:E$3))/F$3),0) -> 0 | G64: =IF(G$3<=$D64,INT(($C64-SUMPRODUCT($E64:F64,$E$3:F$3))/G$3),0) -> 0 | H64: =IF(H$3<=$D64,INT(($C64-SUMPRODUCT($E64:G64,$E$3:G$3))/H$3),0) -> 13 | I64: =IF(I$3<=$D64,INT(($C64-SUMPRODUCT($E64:H64,$E$3:H$3))/I$3),0) -> 3 | J64: =INT(($C64-SUMPRODUCT($E64:I64,$E$3:I$3))/J$3) -> 0 | K64: =SUM(E64:J64) -> 16 | L64: =SUMPRODUCT(E64:J64,$E$3:$J$3) -> 340
A65: ='스테이지별 골드'!C22 -> 5-2 | B65: 공격 | C65: ='스테이지별 골드'!K22 -> 530 | D65: =IF(C65>=E$3*설정!$B$10,E$3,IF(C65>=F$3*설정!$B$10,F$3,IF(C65>=G$3*설정!$B$10,G$3,IF(C65>=H$3*설정!$B$10,H$3,IF(C65>=I$3*설정!$B$10,I$3,J$3))))) -> 100 | E65: =IF(E$3<=$D65,INT($C65/E$3),0) -> 0 | F65: =IF(F$3<=$D65,INT(($C65-SUMPRODUCT($E65:E65,$E$3:E$3))/F$3),0) -> 0 | G65: =IF(G$3<=$D65,INT(($C65-SUMPRODUCT($E65:F65,$E$3:F$3))/G$3),0) -> 5 | H65: =IF(H$3<=$D65,INT(($C65-SUMPRODUCT($E65:G65,$E$3:G$3))/H$3),0) -> 1 | I65: =IF(I$3<=$D65,INT(($C65-SUMPRODUCT($E65:H65,$E$3:H$3))/I$3),0) -> 1 | J65: =INT(($C65-SUMPRODUCT($E65:I65,$E$3:I$3))/J$3) -> 0 | K65: =SUM(E65:J65) -> 7 | L65: =SUMPRODUCT(E65:J65,$E$3:$J$3) -> 530
A66: ='스테이지별 골드'!C22 -> 5-2 | B66: 랜드마크 | C66: ='스테이지별 골드'!L22 -> 2550 | D66: =IF(C66>=E$3*설정!$B$10,E$3,IF(C66>=F$3*설정!$B$10,F$3,IF(C66>=G$3*설정!$B$10,G$3,IF(C66>=H$3*설정!$B$10,H$3,IF(C66>=I$3*설정!$B$10,I$3,J$3))))) -> 500 | E66: =IF(E$3<=$D66,INT($C66/E$3),0) -> 0 | F66: =IF(F$3<=$D66,INT(($C66-SUMPRODUCT($E66:E66,$E$3:E$3))/F$3),0) -> 5 | G66: =IF(G$3<=$D66,INT(($C66-SUMPRODUCT($E66:F66,$E$3:F$3))/G$3),0) -> 0 | H66: =IF(H$3<=$D66,INT(($C66-SUMPRODUCT($E66:G66,$E$3:G$3))/H$3),0) -> 2 | I66: =IF(I$3<=$D66,INT(($C66-SUMPRODUCT($E66:H66,$E$3:H$3))/I$3),0) -> 0 | J66: =INT(($C66-SUMPRODUCT($E66:I66,$E$3:I$3))/J$3) -> 0 | K66: =SUM(E66:J66) -> 7 | L66: =SUMPRODUCT(E66:J66,$E$3:$J$3) -> 2550
A67: ='스테이지별 골드'!C22 -> 5-2 | B67: 황금 (보너스) | C67: ='스테이지별 골드'!P22 -> 1530 | D67: =IF(C67>=E$3*설정!$B$10,E$3,IF(C67>=F$3*설정!$B$10,F$3,IF(C67>=G$3*설정!$B$10,G$3,IF(C67>=H$3*설정!$B$10,H$3,IF(C67>=I$3*설정!$B$10,I$3,J$3))))) -> 100 | E67: =IF(E$3<=$D67,INT($C67/E$3),0) -> 0 | F67: =IF(F$3<=$D67,INT(($C67-SUMPRODUCT($E67:E67,$E$3:E$3))/F$3),0) -> 0 | G67: =IF(G$3<=$D67,INT(($C67-SUMPRODUCT($E67:F67,$E$3:F$3))/G$3),0) -> 15 | H67: =IF(H$3<=$D67,INT(($C67-SUMPRODUCT($E67:G67,$E$3:G$3))/H$3),0) -> 1 | I67: =IF(I$3<=$D67,INT(($C67-SUMPRODUCT($E67:H67,$E$3:H$3))/I$3),0) -> 1 | J67: =INT(($C67-SUMPRODUCT($E67:I67,$E$3:I$3))/J$3) -> 0 | K67: =SUM(E67:J67) -> 17 | L67: =SUMPRODUCT(E67:J67,$E$3:$J$3) -> 1530
A68: ='스테이지별 골드'!C23 -> 5-3 | B68: 일반 | C68: ='스테이지별 골드'!J23 -> 410 | D68: =IF(C68>=E$3*설정!$B$10,E$3,IF(C68>=F$3*설정!$B$10,F$3,IF(C68>=G$3*설정!$B$10,G$3,IF(C68>=H$3*설정!$B$10,H$3,IF(C68>=I$3*설정!$B$10,I$3,J$3))))) -> 25 | E68: =IF(E$3<=$D68,INT($C68/E$3),0) -> 0 | F68: =IF(F$3<=$D68,INT(($C68-SUMPRODUCT($E68:E68,$E$3:E$3))/F$3),0) -> 0 | G68: =IF(G$3<=$D68,INT(($C68-SUMPRODUCT($E68:F68,$E$3:F$3))/G$3),0) -> 0 | H68: =IF(H$3<=$D68,INT(($C68-SUMPRODUCT($E68:G68,$E$3:G$3))/H$3),0) -> 16 | I68: =IF(I$3<=$D68,INT(($C68-SUMPRODUCT($E68:H68,$E$3:H$3))/I$3),0) -> 2 | J68: =INT(($C68-SUMPRODUCT($E68:I68,$E$3:I$3))/J$3) -> 0 | K68: =SUM(E68:J68) -> 18 | L68: =SUMPRODUCT(E68:J68,$E$3:$J$3) -> 410
A69: ='스테이지별 골드'!C23 -> 5-3 | B69: 공격 | C69: ='스테이지별 골드'!K23 -> 640 | D69: =IF(C69>=E$3*설정!$B$10,E$3,IF(C69>=F$3*설정!$B$10,F$3,IF(C69>=G$3*설정!$B$10,G$3,IF(C69>=H$3*설정!$B$10,H$3,IF(C69>=I$3*설정!$B$10,I$3,J$3))))) -> 100 | E69: =IF(E$3<=$D69,INT($C69/E$3),0) -> 0 | F69: =IF(F$3<=$D69,INT(($C69-SUMPRODUCT($E69:E69,$E$3:E$3))/F$3),0) -> 0 | G69: =IF(G$3<=$D69,INT(($C69-SUMPRODUCT($E69:F69,$E$3:F$3))/G$3),0) -> 6 | H69: =IF(H$3<=$D69,INT(($C69-SUMPRODUCT($E69:G69,$E$3:G$3))/H$3),0) -> 1 | I69: =IF(I$3<=$D69,INT(($C69-SUMPRODUCT($E69:H69,$E$3:H$3))/I$3),0) -> 3 | J69: =INT(($C69-SUMPRODUCT($E69:I69,$E$3:I$3))/J$3) -> 0 | K69: =SUM(E69:J69) -> 10 | L69: =SUMPRODUCT(E69:J69,$E$3:$J$3) -> 640
A70: ='스테이지별 골드'!C23 -> 5-3 | B70: 황금 (보너스) | C70: ='스테이지별 골드'!P23 -> 1845 | D70: =IF(C70>=E$3*설정!$B$10,E$3,IF(C70>=F$3*설정!$B$10,F$3,IF(C70>=G$3*설정!$B$10,G$3,IF(C70>=H$3*설정!$B$10,H$3,IF(C70>=I$3*설정!$B$10,I$3,J$3))))) -> 100 | E70: =IF(E$3<=$D70,INT($C70/E$3),0) -> 0 | F70: =IF(F$3<=$D70,INT(($C70-SUMPRODUCT($E70:E70,$E$3:E$3))/F$3),0) -> 0 | G70: =IF(G$3<=$D70,INT(($C70-SUMPRODUCT($E70:F70,$E$3:F$3))/G$3),0) -> 18 | H70: =IF(H$3<=$D70,INT(($C70-SUMPRODUCT($E70:G70,$E$3:G$3))/H$3),0) -> 1 | I70: =IF(I$3<=$D70,INT(($C70-SUMPRODUCT($E70:H70,$E$3:H$3))/I$3),0) -> 4 | J70: =INT(($C70-SUMPRODUCT($E70:I70,$E$3:I$3))/J$3) -> 0 | K70: =SUM(E70:J70) -> 23 | L70: =SUMPRODUCT(E70:J70,$E$3:$J$3) -> 1845
A71: ='스테이지별 골드'!C24 -> 5-4 | B71: 일반 | C71: ='스테이지별 골드'!J24 -> 510 | D71: =IF(C71>=E$3*설정!$B$10,E$3,IF(C71>=F$3*설정!$B$10,F$3,IF(C71>=G$3*설정!$B$10,G$3,IF(C71>=H$3*설정!$B$10,H$3,IF(C71>=I$3*설정!$B$10,I$3,J$3))))) -> 100 | E71: =IF(E$3<=$D71,INT($C71/E$3),0) -> 0 | F71: =IF(F$3<=$D71,INT(($C71-SUMPRODUCT($E71:E71,$E$3:E$3))/F$3),0) -> 0 | G71: =IF(G$3<=$D71,INT(($C71-SUMPRODUCT($E71:F71,$E$3:F$3))/G$3),0) -> 5 | H71: =IF(H$3<=$D71,INT(($C71-SUMPRODUCT($E71:G71,$E$3:G$3))/H$3),0) -> 0 | I71: =IF(I$3<=$D71,INT(($C71-SUMPRODUCT($E71:H71,$E$3:H$3))/I$3),0) -> 2 | J71: =INT(($C71-SUMPRODUCT($E71:I71,$E$3:I$3))/J$3) -> 0 | K71: =SUM(E71:J71) -> 7 | L71: =SUMPRODUCT(E71:J71,$E$3:$J$3) -> 510
A72: ='스테이지별 골드'!C24 -> 5-4 | B72: 공격 | C72: ='스테이지별 골드'!K24 -> 796 | D72: =IF(C72>=E$3*설정!$B$10,E$3,IF(C72>=F$3*설정!$B$10,F$3,IF(C72>=G$3*설정!$B$10,G$3,IF(C72>=H$3*설정!$B$10,H$3,IF(C72>=I$3*설정!$B$10,I$3,J$3))))) -> 100 | E72: =IF(E$3<=$D72,INT($C72/E$3),0) -> 0 | F72: =IF(F$3<=$D72,INT(($C72-SUMPRODUCT($E72:E72,$E$3:E$3))/F$3),0) -> 0 | G72: =IF(G$3<=$D72,INT(($C72-SUMPRODUCT($E72:F72,$E$3:F$3))/G$3),0) -> 7 | H72: =IF(H$3<=$D72,INT(($C72-SUMPRODUCT($E72:G72,$E$3:G$3))/H$3),0) -> 3 | I72: =IF(I$3<=$D72,INT(($C72-SUMPRODUCT($E72:H72,$E$3:H$3))/I$3),0) -> 4 | J72: =INT(($C72-SUMPRODUCT($E72:I72,$E$3:I$3))/J$3) -> 1 | K72: =SUM(E72:J72) -> 15 | L72: =SUMPRODUCT(E72:J72,$E$3:$J$3) -> 796
A73: ='스테이지별 골드'!C24 -> 5-4 | B73: 랜드마크 | C73: ='스테이지별 골드'!L24 -> 3825 | D73: =IF(C73>=E$3*설정!$B$10,E$3,IF(C73>=F$3*설정!$B$10,F$3,IF(C73>=G$3*설정!$B$10,G$3,IF(C73>=H$3*설정!$B$10,H$3,IF(C73>=I$3*설정!$B$10,I$3,J$3))))) -> 500 | E73: =IF(E$3<=$D73,INT($C73/E$3),0) -> 0 | F73: =IF(F$3<=$D73,INT(($C73-SUMPRODUCT($E73:E73,$E$3:E$3))/F$3),0) -> 7 | G73: =IF(G$3<=$D73,INT(($C73-SUMPRODUCT($E73:F73,$E$3:F$3))/G$3),0) -> 3 | H73: =IF(H$3<=$D73,INT(($C73-SUMPRODUCT($E73:G73,$E$3:G$3))/H$3),0) -> 1 | I73: =IF(I$3<=$D73,INT(($C73-SUMPRODUCT($E73:H73,$E$3:H$3))/I$3),0) -> 0 | J73: =INT(($C73-SUMPRODUCT($E73:I73,$E$3:I$3))/J$3) -> 0 | K73: =SUM(E73:J73) -> 11 | L73: =SUMPRODUCT(E73:J73,$E$3:$J$3) -> 3825
A74: ='스테이지별 골드'!C24 -> 5-4 | B74: 황금 (보너스) | C74: ='스테이지별 골드'!P24 -> 2295 | D74: =IF(C74>=E$3*설정!$B$10,E$3,IF(C74>=F$3*설정!$B$10,F$3,IF(C74>=G$3*설정!$B$10,G$3,IF(C74>=H$3*설정!$B$10,H$3,IF(C74>=I$3*설정!$B$10,I$3,J$3))))) -> 100 | E74: =IF(E$3<=$D74,INT($C74/E$3),0) -> 0 | F74: =IF(F$3<=$D74,INT(($C74-SUMPRODUCT($E74:E74,$E$3:E$3))/F$3),0) -> 0 | G74: =IF(G$3<=$D74,INT(($C74-SUMPRODUCT($E74:F74,$E$3:F$3))/G$3),0) -> 22 | H74: =IF(H$3<=$D74,INT(($C74-SUMPRODUCT($E74:G74,$E$3:G$3))/H$3),0) -> 3 | I74: =IF(I$3<=$D74,INT(($C74-SUMPRODUCT($E74:H74,$E$3:H$3))/I$3),0) -> 4 | J74: =INT(($C74-SUMPRODUCT($E74:I74,$E$3:I$3))/J$3) -> 0 | K74: =SUM(E74:J74) -> 29 | L74: =SUMPRODUCT(E74:J74,$E$3:$J$3) -> 2295
A75: ='스테이지별 골드'!C25 -> 6-1 | B75: 일반 | C75: ='스테이지별 골드'!J25 -> 620 | D75: =IF(C75>=E$3*설정!$B$10,E$3,IF(C75>=F$3*설정!$B$10,F$3,IF(C75>=G$3*설정!$B$10,G$3,IF(C75>=H$3*설정!$B$10,H$3,IF(C75>=I$3*설정!$B$10,I$3,J$3))))) -> 100 | E75: =IF(E$3<=$D75,INT($C75/E$3),0) -> 0 | F75: =IF(F$3<=$D75,INT(($C75-SUMPRODUCT($E75:E75,$E$3:E$3))/F$3),0) -> 0 | G75: =IF(G$3<=$D75,INT(($C75-SUMPRODUCT($E75:F75,$E$3:F$3))/G$3),0) -> 6 | H75: =IF(H$3<=$D75,INT(($C75-SUMPRODUCT($E75:G75,$E$3:G$3))/H$3),0) -> 0 | I75: =IF(I$3<=$D75,INT(($C75-SUMPRODUCT($E75:H75,$E$3:H$3))/I$3),0) -> 4 | J75: =INT(($C75-SUMPRODUCT($E75:I75,$E$3:I$3))/J$3) -> 0 | K75: =SUM(E75:J75) -> 10 | L75: =SUMPRODUCT(E75:J75,$E$3:$J$3) -> 620
A76: ='스테이지별 골드'!C25 -> 6-1 | B76: 공격 | C76: ='스테이지별 골드'!K25 -> 967 | D76: =IF(C76>=E$3*설정!$B$10,E$3,IF(C76>=F$3*설정!$B$10,F$3,IF(C76>=G$3*설정!$B$10,G$3,IF(C76>=H$3*설정!$B$10,H$3,IF(C76>=I$3*설정!$B$10,I$3,J$3))))) -> 100 | E76: =IF(E$3<=$D76,INT($C76/E$3),0) -> 0 | F76: =IF(F$3<=$D76,INT(($C76-SUMPRODUCT($E76:E76,$E$3:E$3))/F$3),0) -> 0 | G76: =IF(G$3<=$D76,INT(($C76-SUMPRODUCT($E76:F76,$E$3:F$3))/G$3),0) -> 9 | H76: =IF(H$3<=$D76,INT(($C76-SUMPRODUCT($E76:G76,$E$3:G$3))/H$3),0) -> 2 | I76: =IF(I$3<=$D76,INT(($C76-SUMPRODUCT($E76:H76,$E$3:H$3))/I$3),0) -> 3 | J76: =INT(($C76-SUMPRODUCT($E76:I76,$E$3:I$3))/J$3) -> 2 | K76: =SUM(E76:J76) -> 16 | L76: =SUMPRODUCT(E76:J76,$E$3:$J$3) -> 967
A77: ='스테이지별 골드'!C25 -> 6-1 | B77: 황금 (보너스) | C77: ='스테이지별 골드'!P25 -> 2790 | D77: =IF(C77>=E$3*설정!$B$10,E$3,IF(C77>=F$3*설정!$B$10,F$3,IF(C77>=G$3*설정!$B$10,G$3,IF(C77>=H$3*설정!$B$10,H$3,IF(C77>=I$3*설정!$B$10,I$3,J$3))))) -> 500 | E77: =IF(E$3<=$D77,INT($C77/E$3),0) -> 0 | F77: =IF(F$3<=$D77,INT(($C77-SUMPRODUCT($E77:E77,$E$3:E$3))/F$3),0) -> 5 | G77: =IF(G$3<=$D77,INT(($C77-SUMPRODUCT($E77:F77,$E$3:F$3))/G$3),0) -> 2 | H77: =IF(H$3<=$D77,INT(($C77-SUMPRODUCT($E77:G77,$E$3:G$3))/H$3),0) -> 3 | I77: =IF(I$3<=$D77,INT(($C77-SUMPRODUCT($E77:H77,$E$3:H$3))/I$3),0) -> 3 | J77: =INT(($C77-SUMPRODUCT($E77:I77,$E$3:I$3))/J$3) -> 0 | K77: =SUM(E77:J77) -> 13 | L77: =SUMPRODUCT(E77:J77,$E$3:$J$3) -> 2790
A78: ='스테이지별 골드'!C26 -> 6-2 | B78: 일반 | C78: ='스테이지별 골드'!J26 -> 770 | D78: =IF(C78>=E$3*설정!$B$10,E$3,IF(C78>=F$3*설정!$B$10,F$3,IF(C78>=G$3*설정!$B$10,G$3,IF(C78>=H$3*설정!$B$10,H$3,IF(C78>=I$3*설정!$B$10,I$3,J$3))))) -> 100 | E78: =IF(E$3<=$D78,INT($C78/E$3),0) -> 0 | F78: =IF(F$3<=$D78,INT(($C78-SUMPRODUCT($E78:E78,$E$3:E$3))/F$3),0) -> 0 | G78: =IF(G$3<=$D78,INT(($C78-SUMPRODUCT($E78:F78,$E$3:F$3))/G$3),0) -> 7 | H78: =IF(H$3<=$D78,INT(($C78-SUMPRODUCT($E78:G78,$E$3:G$3))/H$3),0) -> 2 | I78: =IF(I$3<=$D78,INT(($C78-SUMPRODUCT($E78:H78,$E$3:H$3))/I$3),0) -> 4 | J78: =INT(($C78-SUMPRODUCT($E78:I78,$E$3:I$3))/J$3) -> 0 | K78: =SUM(E78:J78) -> 13 | L78: =SUMPRODUCT(E78:J78,$E$3:$J$3) -> 770
A79: ='스테이지별 골드'!C26 -> 6-2 | B79: 공격 | C79: ='스테이지별 골드'!K26 -> 1201 | D79: =IF(C79>=E$3*설정!$B$10,E$3,IF(C79>=F$3*설정!$B$10,F$3,IF(C79>=G$3*설정!$B$10,G$3,IF(C79>=H$3*설정!$B$10,H$3,IF(C79>=I$3*설정!$B$10,I$3,J$3))))) -> 100 | E79: =IF(E$3<=$D79,INT($C79/E$3),0) -> 0 | F79: =IF(F$3<=$D79,INT(($C79-SUMPRODUCT($E79:E79,$E$3:E$3))/F$3),0) -> 0 | G79: =IF(G$3<=$D79,INT(($C79-SUMPRODUCT($E79:F79,$E$3:F$3))/G$3),0) -> 12 | H79: =IF(H$3<=$D79,INT(($C79-SUMPRODUCT($E79:G79,$E$3:G$3))/H$3),0) -> 0 | I79: =IF(I$3<=$D79,INT(($C79-SUMPRODUCT($E79:H79,$E$3:H$3))/I$3),0) -> 0 | J79: =INT(($C79-SUMPRODUCT($E79:I79,$E$3:I$3))/J$3) -> 1 | K79: =SUM(E79:J79) -> 13 | L79: =SUMPRODUCT(E79:J79,$E$3:$J$3) -> 1201
A80: ='스테이지별 골드'!C26 -> 6-2 | B80: 랜드마크 | C80: ='스테이지별 골드'!L26 -> 5775 | D80: =IF(C80>=E$3*설정!$B$10,E$3,IF(C80>=F$3*설정!$B$10,F$3,IF(C80>=G$3*설정!$B$10,G$3,IF(C80>=H$3*설정!$B$10,H$3,IF(C80>=I$3*설정!$B$10,I$3,J$3))))) -> 1000 | E80: =IF(E$3<=$D80,INT($C80/E$3),0) -> 5 | F80: =IF(F$3<=$D80,INT(($C80-SUMPRODUCT($E80:E80,$E$3:E$3))/F$3),0) -> 1 | G80: =IF(G$3<=$D80,INT(($C80-SUMPRODUCT($E80:F80,$E$3:F$3))/G$3),0) -> 2 | H80: =IF(H$3<=$D80,INT(($C80-SUMPRODUCT($E80:G80,$E$3:G$3))/H$3),0) -> 3 | I80: =IF(I$3<=$D80,INT(($C80-SUMPRODUCT($E80:H80,$E$3:H$3))/I$3),0) -> 0 | J80: =INT(($C80-SUMPRODUCT($E80:I80,$E$3:I$3))/J$3) -> 0 | K80: =SUM(E80:J80) -> 11 | L80: =SUMPRODUCT(E80:J80,$E$3:$J$3) -> 5775
A81: ='스테이지별 골드'!C26 -> 6-2 | B81: 황금 (보너스) | C81: ='스테이지별 골드'!P26 -> 3465 | D81: =IF(C81>=E$3*설정!$B$10,E$3,IF(C81>=F$3*설정!$B$10,F$3,IF(C81>=G$3*설정!$B$10,G$3,IF(C81>=H$3*설정!$B$10,H$3,IF(C81>=I$3*설정!$B$10,I$3,J$3))))) -> 500 | E81: =IF(E$3<=$D81,INT($C81/E$3),0) -> 0 | F81: =IF(F$3<=$D81,INT(($C81-SUMPRODUCT($E81:E81,$E$3:E$3))/F$3),0) -> 6 | G81: =IF(G$3<=$D81,INT(($C81-SUMPRODUCT($E81:F81,$E$3:F$3))/G$3),0) -> 4 | H81: =IF(H$3<=$D81,INT(($C81-SUMPRODUCT($E81:G81,$E$3:G$3))/H$3),0) -> 2 | I81: =IF(I$3<=$D81,INT(($C81-SUMPRODUCT($E81:H81,$E$3:H$3))/I$3),0) -> 3 | J81: =INT(($C81-SUMPRODUCT($E81:I81,$E$3:I$3))/J$3) -> 0 | K81: =SUM(E81:J81) -> 15 | L81: =SUMPRODUCT(E81:J81,$E$3:$J$3) -> 3465
A82: ='스테이지별 골드'!C27 -> 6-3 | B82: 일반 | C82: ='스테이지별 골드'!J27 -> 930 | D82: =IF(C82>=E$3*설정!$B$10,E$3,IF(C82>=F$3*설정!$B$10,F$3,IF(C82>=G$3*설정!$B$10,G$3,IF(C82>=H$3*설정!$B$10,H$3,IF(C82>=I$3*설정!$B$10,I$3,J$3))))) -> 100 | E82: =IF(E$3<=$D82,INT($C82/E$3),0) -> 0 | F82: =IF(F$3<=$D82,INT(($C82-SUMPRODUCT($E82:E82,$E$3:E$3))/F$3),0) -> 0 | G82: =IF(G$3<=$D82,INT(($C82-SUMPRODUCT($E82:F82,$E$3:F$3))/G$3),0) -> 9 | H82: =IF(H$3<=$D82,INT(($C82-SUMPRODUCT($E82:G82,$E$3:G$3))/H$3),0) -> 1 | I82: =IF(I$3<=$D82,INT(($C82-SUMPRODUCT($E82:H82,$E$3:H$3))/I$3),0) -> 1 | J82: =INT(($C82-SUMPRODUCT($E82:I82,$E$3:I$3))/J$3) -> 0 | K82: =SUM(E82:J82) -> 11 | L82: =SUMPRODUCT(E82:J82,$E$3:$J$3) -> 930
A83: ='스테이지별 골드'!C27 -> 6-3 | B83: 공격 | C83: ='스테이지별 골드'!K27 -> 1451 | D83: =IF(C83>=E$3*설정!$B$10,E$3,IF(C83>=F$3*설정!$B$10,F$3,IF(C83>=G$3*설정!$B$10,G$3,IF(C83>=H$3*설정!$B$10,H$3,IF(C83>=I$3*설정!$B$10,I$3,J$3))))) -> 100 | E83: =IF(E$3<=$D83,INT($C83/E$3),0) -> 0 | F83: =IF(F$3<=$D83,INT(($C83-SUMPRODUCT($E83:E83,$E$3:E$3))/F$3),0) -> 0 | G83: =IF(G$3<=$D83,INT(($C83-SUMPRODUCT($E83:F83,$E$3:F$3))/G$3),0) -> 14 | H83: =IF(H$3<=$D83,INT(($C83-SUMPRODUCT($E83:G83,$E$3:G$3))/H$3),0) -> 2 | I83: =IF(I$3<=$D83,INT(($C83-SUMPRODUCT($E83:H83,$E$3:H$3))/I$3),0) -> 0 | J83: =INT(($C83-SUMPRODUCT($E83:I83,$E$3:I$3))/J$3) -> 1 | K83: =SUM(E83:J83) -> 17 | L83: =SUMPRODUCT(E83:J83,$E$3:$J$3) -> 1451
A84: ='스테이지별 골드'!C27 -> 6-3 | B84: 황금 (보너스) | C84: ='스테이지별 골드'!P27 -> 4185 | D84: =IF(C84>=E$3*설정!$B$10,E$3,IF(C84>=F$3*설정!$B$10,F$3,IF(C84>=G$3*설정!$B$10,G$3,IF(C84>=H$3*설정!$B$10,H$3,IF(C84>=I$3*설정!$B$10,I$3,J$3))))) -> 500 | E84: =IF(E$3<=$D84,INT($C84/E$3),0) -> 0 | F84: =IF(F$3<=$D84,INT(($C84-SUMPRODUCT($E84:E84,$E$3:E$3))/F$3),0) -> 8 | G84: =IF(G$3<=$D84,INT(($C84-SUMPRODUCT($E84:F84,$E$3:F$3))/G$3),0) -> 1 | H84: =IF(H$3<=$D84,INT(($C84-SUMPRODUCT($E84:G84,$E$3:G$3))/H$3),0) -> 3 | I84: =IF(I$3<=$D84,INT(($C84-SUMPRODUCT($E84:H84,$E$3:H$3))/I$3),0) -> 2 | J84: =INT(($C84-SUMPRODUCT($E84:I84,$E$3:I$3))/J$3) -> 0 | K84: =SUM(E84:J84) -> 14 | L84: =SUMPRODUCT(E84:J84,$E$3:$J$3) -> 4185
A85: ='스테이지별 골드'!C28 -> 6-4 | B85: 일반 | C85: ='스테이지별 골드'!J28 -> 1160 | D85: =IF(C85>=E$3*설정!$B$10,E$3,IF(C85>=F$3*설정!$B$10,F$3,IF(C85>=G$3*설정!$B$10,G$3,IF(C85>=H$3*설정!$B$10,H$3,IF(C85>=I$3*설정!$B$10,I$3,J$3))))) -> 100 | E85: =IF(E$3<=$D85,INT($C85/E$3),0) -> 0 | F85: =IF(F$3<=$D85,INT(($C85-SUMPRODUCT($E85:E85,$E$3:E$3))/F$3),0) -> 0 | G85: =IF(G$3<=$D85,INT(($C85-SUMPRODUCT($E85:F85,$E$3:F$3))/G$3),0) -> 11 | H85: =IF(H$3<=$D85,INT(($C85-SUMPRODUCT($E85:G85,$E$3:G$3))/H$3),0) -> 2 | I85: =IF(I$3<=$D85,INT(($C85-SUMPRODUCT($E85:H85,$E$3:H$3))/I$3),0) -> 2 | J85: =INT(($C85-SUMPRODUCT($E85:I85,$E$3:I$3))/J$3) -> 0 | K85: =SUM(E85:J85) -> 15 | L85: =SUMPRODUCT(E85:J85,$E$3:$J$3) -> 1160
A86: ='스테이지별 골드'!C28 -> 6-4 | B86: 공격 | C86: ='스테이지별 골드'!K28 -> 1810 | D86: =IF(C86>=E$3*설정!$B$10,E$3,IF(C86>=F$3*설정!$B$10,F$3,IF(C86>=G$3*설정!$B$10,G$3,IF(C86>=H$3*설정!$B$10,H$3,IF(C86>=I$3*설정!$B$10,I$3,J$3))))) -> 100 | E86: =IF(E$3<=$D86,INT($C86/E$3),0) -> 0 | F86: =IF(F$3<=$D86,INT(($C86-SUMPRODUCT($E86:E86,$E$3:E$3))/F$3),0) -> 0 | G86: =IF(G$3<=$D86,INT(($C86-SUMPRODUCT($E86:F86,$E$3:F$3))/G$3),0) -> 18 | H86: =IF(H$3<=$D86,INT(($C86-SUMPRODUCT($E86:G86,$E$3:G$3))/H$3),0) -> 0 | I86: =IF(I$3<=$D86,INT(($C86-SUMPRODUCT($E86:H86,$E$3:H$3))/I$3),0) -> 2 | J86: =INT(($C86-SUMPRODUCT($E86:I86,$E$3:I$3))/J$3) -> 0 | K86: =SUM(E86:J86) -> 20 | L86: =SUMPRODUCT(E86:J86,$E$3:$J$3) -> 1810
A87: ='스테이지별 골드'!C28 -> 6-4 | B87: 랜드마크 | C87: ='스테이지별 골드'!L28 -> 8700 | D87: =IF(C87>=E$3*설정!$B$10,E$3,IF(C87>=F$3*설정!$B$10,F$3,IF(C87>=G$3*설정!$B$10,G$3,IF(C87>=H$3*설정!$B$10,H$3,IF(C87>=I$3*설정!$B$10,I$3,J$3))))) -> 1000 | E87: =IF(E$3<=$D87,INT($C87/E$3),0) -> 8 | F87: =IF(F$3<=$D87,INT(($C87-SUMPRODUCT($E87:E87,$E$3:E$3))/F$3),0) -> 1 | G87: =IF(G$3<=$D87,INT(($C87-SUMPRODUCT($E87:F87,$E$3:F$3))/G$3),0) -> 2 | H87: =IF(H$3<=$D87,INT(($C87-SUMPRODUCT($E87:G87,$E$3:G$3))/H$3),0) -> 0 | I87: =IF(I$3<=$D87,INT(($C87-SUMPRODUCT($E87:H87,$E$3:H$3))/I$3),0) -> 0 | J87: =INT(($C87-SUMPRODUCT($E87:I87,$E$3:I$3))/J$3) -> 0 | K87: =SUM(E87:J87) -> 11 | L87: =SUMPRODUCT(E87:J87,$E$3:$J$3) -> 8700
A88: ='스테이지별 골드'!C28 -> 6-4 | B88: 황금 (보너스) | C88: ='스테이지별 골드'!P28 -> 5220 | D88: =IF(C88>=E$3*설정!$B$10,E$3,IF(C88>=F$3*설정!$B$10,F$3,IF(C88>=G$3*설정!$B$10,G$3,IF(C88>=H$3*설정!$B$10,H$3,IF(C88>=I$3*설정!$B$10,I$3,J$3))))) -> 1000 | E88: =IF(E$3<=$D88,INT($C88/E$3),0) -> 5 | F88: =IF(F$3<=$D88,INT(($C88-SUMPRODUCT($E88:E88,$E$3:E$3))/F$3),0) -> 0 | G88: =IF(G$3<=$D88,INT(($C88-SUMPRODUCT($E88:F88,$E$3:F$3))/G$3),0) -> 2 | H88: =IF(H$3<=$D88,INT(($C88-SUMPRODUCT($E88:G88,$E$3:G$3))/H$3),0) -> 0 | I88: =IF(I$3<=$D88,INT(($C88-SUMPRODUCT($E88:H88,$E$3:H$3))/I$3),0) -> 4 | J88: =INT(($C88-SUMPRODUCT($E88:I88,$E$3:I$3))/J$3) -> 0 | K88: =SUM(E88:J88) -> 11 | L88: =SUMPRODUCT(E88:J88,$E$3:$J$3) -> 5220
A89: ='스테이지별 골드'!C29 -> 7-1 | B89: 일반 | C89: ='스테이지별 골드'!J29 -> 1400 | D89: =IF(C89>=E$3*설정!$B$10,E$3,IF(C89>=F$3*설정!$B$10,F$3,IF(C89>=G$3*설정!$B$10,G$3,IF(C89>=H$3*설정!$B$10,H$3,IF(C89>=I$3*설정!$B$10,I$3,J$3))))) -> 100 | E89: =IF(E$3<=$D89,INT($C89/E$3),0) -> 0 | F89: =IF(F$3<=$D89,INT(($C89-SUMPRODUCT($E89:E89,$E$3:E$3))/F$3),0) -> 0 | G89: =IF(G$3<=$D89,INT(($C89-SUMPRODUCT($E89:F89,$E$3:F$3))/G$3),0) -> 14 | H89: =IF(H$3<=$D89,INT(($C89-SUMPRODUCT($E89:G89,$E$3:G$3))/H$3),0) -> 0 | I89: =IF(I$3<=$D89,INT(($C89-SUMPRODUCT($E89:H89,$E$3:H$3))/I$3),0) -> 0 | J89: =INT(($C89-SUMPRODUCT($E89:I89,$E$3:I$3))/J$3) -> 0 | K89: =SUM(E89:J89) -> 14 | L89: =SUMPRODUCT(E89:J89,$E$3:$J$3) -> 1400
A90: ='스테이지별 골드'!C29 -> 7-1 | B90: 공격 | C90: ='스테이지별 골드'!K29 -> 2184 | D90: =IF(C90>=E$3*설정!$B$10,E$3,IF(C90>=F$3*설정!$B$10,F$3,IF(C90>=G$3*설정!$B$10,G$3,IF(C90>=H$3*설정!$B$10,H$3,IF(C90>=I$3*설정!$B$10,I$3,J$3))))) -> 100 | E90: =IF(E$3<=$D90,INT($C90/E$3),0) -> 0 | F90: =IF(F$3<=$D90,INT(($C90-SUMPRODUCT($E90:E90,$E$3:E$3))/F$3),0) -> 0 | G90: =IF(G$3<=$D90,INT(($C90-SUMPRODUCT($E90:F90,$E$3:F$3))/G$3),0) -> 21 | H90: =IF(H$3<=$D90,INT(($C90-SUMPRODUCT($E90:G90,$E$3:G$3))/H$3),0) -> 3 | I90: =IF(I$3<=$D90,INT(($C90-SUMPRODUCT($E90:H90,$E$3:H$3))/I$3),0) -> 1 | J90: =INT(($C90-SUMPRODUCT($E90:I90,$E$3:I$3))/J$3) -> 4 | K90: =SUM(E90:J90) -> 29 | L90: =SUMPRODUCT(E90:J90,$E$3:$J$3) -> 2184
A91: ='스테이지별 골드'!C29 -> 7-1 | B91: 황금 (보너스) | C91: ='스테이지별 골드'!P29 -> 6300 | D91: =IF(C91>=E$3*설정!$B$10,E$3,IF(C91>=F$3*설정!$B$10,F$3,IF(C91>=G$3*설정!$B$10,G$3,IF(C91>=H$3*설정!$B$10,H$3,IF(C91>=I$3*설정!$B$10,I$3,J$3))))) -> 1000 | E91: =IF(E$3<=$D91,INT($C91/E$3),0) -> 6 | F91: =IF(F$3<=$D91,INT(($C91-SUMPRODUCT($E91:E91,$E$3:E$3))/F$3),0) -> 0 | G91: =IF(G$3<=$D91,INT(($C91-SUMPRODUCT($E91:F91,$E$3:F$3))/G$3),0) -> 3 | H91: =IF(H$3<=$D91,INT(($C91-SUMPRODUCT($E91:G91,$E$3:G$3))/H$3),0) -> 0 | I91: =IF(I$3<=$D91,INT(($C91-SUMPRODUCT($E91:H91,$E$3:H$3))/I$3),0) -> 0 | J91: =INT(($C91-SUMPRODUCT($E91:I91,$E$3:I$3))/J$3) -> 0 | K91: =SUM(E91:J91) -> 9 | L91: =SUMPRODUCT(E91:J91,$E$3:$J$3) -> 6300
A92: ='스테이지별 골드'!C30 -> 7-2 | B92: 일반 | C92: ='스테이지별 골드'!J30 -> 1750 | D92: =IF(C92>=E$3*설정!$B$10,E$3,IF(C92>=F$3*설정!$B$10,F$3,IF(C92>=G$3*설정!$B$10,G$3,IF(C92>=H$3*설정!$B$10,H$3,IF(C92>=I$3*설정!$B$10,I$3,J$3))))) -> 100 | E92: =IF(E$3<=$D92,INT($C92/E$3),0) -> 0 | F92: =IF(F$3<=$D92,INT(($C92-SUMPRODUCT($E92:E92,$E$3:E$3))/F$3),0) -> 0 | G92: =IF(G$3<=$D92,INT(($C92-SUMPRODUCT($E92:F92,$E$3:F$3))/G$3),0) -> 17 | H92: =IF(H$3<=$D92,INT(($C92-SUMPRODUCT($E92:G92,$E$3:G$3))/H$3),0) -> 2 | I92: =IF(I$3<=$D92,INT(($C92-SUMPRODUCT($E92:H92,$E$3:H$3))/I$3),0) -> 0 | J92: =INT(($C92-SUMPRODUCT($E92:I92,$E$3:I$3))/J$3) -> 0 | K92: =SUM(E92:J92) -> 19 | L92: =SUMPRODUCT(E92:J92,$E$3:$J$3) -> 1750
A93: ='스테이지별 골드'!C30 -> 7-2 | B93: 공격 | C93: ='스테이지별 골드'!K30 -> 2730 | D93: =IF(C93>=E$3*설정!$B$10,E$3,IF(C93>=F$3*설정!$B$10,F$3,IF(C93>=G$3*설정!$B$10,G$3,IF(C93>=H$3*설정!$B$10,H$3,IF(C93>=I$3*설정!$B$10,I$3,J$3))))) -> 500 | E93: =IF(E$3<=$D93,INT($C93/E$3),0) -> 0 | F93: =IF(F$3<=$D93,INT(($C93-SUMPRODUCT($E93:E93,$E$3:E$3))/F$3),0) -> 5 | G93: =IF(G$3<=$D93,INT(($C93-SUMPRODUCT($E93:F93,$E$3:F$3))/G$3),0) -> 2 | H93: =IF(H$3<=$D93,INT(($C93-SUMPRODUCT($E93:G93,$E$3:G$3))/H$3),0) -> 1 | I93: =IF(I$3<=$D93,INT(($C93-SUMPRODUCT($E93:H93,$E$3:H$3))/I$3),0) -> 1 | J93: =INT(($C93-SUMPRODUCT($E93:I93,$E$3:I$3))/J$3) -> 0 | K93: =SUM(E93:J93) -> 9 | L93: =SUMPRODUCT(E93:J93,$E$3:$J$3) -> 2730
A94: ='스테이지별 골드'!C30 -> 7-2 | B94: 랜드마크 | C94: ='스테이지별 골드'!L30 -> 13125 | D94: =IF(C94>=E$3*설정!$B$10,E$3,IF(C94>=F$3*설정!$B$10,F$3,IF(C94>=G$3*설정!$B$10,G$3,IF(C94>=H$3*설정!$B$10,H$3,IF(C94>=I$3*설정!$B$10,I$3,J$3))))) -> 1000 | E94: =IF(E$3<=$D94,INT($C94/E$3),0) -> 13 | F94: =IF(F$3<=$D94,INT(($C94-SUMPRODUCT($E94:E94,$E$3:E$3))/F$3),0) -> 0 | G94: =IF(G$3<=$D94,INT(($C94-SUMPRODUCT($E94:F94,$E$3:F$3))/G$3),0) -> 1 | H94: =IF(H$3<=$D94,INT(($C94-SUMPRODUCT($E94:G94,$E$3:G$3))/H$3),0) -> 1 | I94: =IF(I$3<=$D94,INT(($C94-SUMPRODUCT($E94:H94,$E$3:H$3))/I$3),0) -> 0 | J94: =INT(($C94-SUMPRODUCT($E94:I94,$E$3:I$3))/J$3) -> 0 | K94: =SUM(E94:J94) -> 15 | L94: =SUMPRODUCT(E94:J94,$E$3:$J$3) -> 13125
A95: ='스테이지별 골드'!C30 -> 7-2 | B95: 황금 (보너스) | C95: ='스테이지별 골드'!P30 -> 7875 | D95: =IF(C95>=E$3*설정!$B$10,E$3,IF(C95>=F$3*설정!$B$10,F$3,IF(C95>=G$3*설정!$B$10,G$3,IF(C95>=H$3*설정!$B$10,H$3,IF(C95>=I$3*설정!$B$10,I$3,J$3))))) -> 1000 | E95: =IF(E$3<=$D95,INT($C95/E$3),0) -> 7 | F95: =IF(F$3<=$D95,INT(($C95-SUMPRODUCT($E95:E95,$E$3:E$3))/F$3),0) -> 1 | G95: =IF(G$3<=$D95,INT(($C95-SUMPRODUCT($E95:F95,$E$3:F$3))/G$3),0) -> 3 | H95: =IF(H$3<=$D95,INT(($C95-SUMPRODUCT($E95:G95,$E$3:G$3))/H$3),0) -> 3 | I95: =IF(I$3<=$D95,INT(($C95-SUMPRODUCT($E95:H95,$E$3:H$3))/I$3),0) -> 0 | J95: =INT(($C95-SUMPRODUCT($E95:I95,$E$3:I$3))/J$3) -> 0 | K95: =SUM(E95:J95) -> 14 | L95: =SUMPRODUCT(E95:J95,$E$3:$J$3) -> 7875
A96: ='스테이지별 골드'!C31 -> 7-3 | B96: 일반 | C96: ='스테이지별 골드'!J31 -> 2100 | D96: =IF(C96>=E$3*설정!$B$10,E$3,IF(C96>=F$3*설정!$B$10,F$3,IF(C96>=G$3*설정!$B$10,G$3,IF(C96>=H$3*설정!$B$10,H$3,IF(C96>=I$3*설정!$B$10,I$3,J$3))))) -> 100 | E96: =IF(E$3<=$D96,INT($C96/E$3),0) -> 0 | F96: =IF(F$3<=$D96,INT(($C96-SUMPRODUCT($E96:E96,$E$3:E$3))/F$3),0) -> 0 | G96: =IF(G$3<=$D96,INT(($C96-SUMPRODUCT($E96:F96,$E$3:F$3))/G$3),0) -> 21 | H96: =IF(H$3<=$D96,INT(($C96-SUMPRODUCT($E96:G96,$E$3:G$3))/H$3),0) -> 0 | I96: =IF(I$3<=$D96,INT(($C96-SUMPRODUCT($E96:H96,$E$3:H$3))/I$3),0) -> 0 | J96: =INT(($C96-SUMPRODUCT($E96:I96,$E$3:I$3))/J$3) -> 0 | K96: =SUM(E96:J96) -> 21 | L96: =SUMPRODUCT(E96:J96,$E$3:$J$3) -> 2100
A97: ='스테이지별 골드'!C31 -> 7-3 | B97: 공격 | C97: ='스테이지별 골드'!K31 -> 3276 | D97: =IF(C97>=E$3*설정!$B$10,E$3,IF(C97>=F$3*설정!$B$10,F$3,IF(C97>=G$3*설정!$B$10,G$3,IF(C97>=H$3*설정!$B$10,H$3,IF(C97>=I$3*설정!$B$10,I$3,J$3))))) -> 500 | E97: =IF(E$3<=$D97,INT($C97/E$3),0) -> 0 | F97: =IF(F$3<=$D97,INT(($C97-SUMPRODUCT($E97:E97,$E$3:E$3))/F$3),0) -> 6 | G97: =IF(G$3<=$D97,INT(($C97-SUMPRODUCT($E97:F97,$E$3:F$3))/G$3),0) -> 2 | H97: =IF(H$3<=$D97,INT(($C97-SUMPRODUCT($E97:G97,$E$3:G$3))/H$3),0) -> 3 | I97: =IF(I$3<=$D97,INT(($C97-SUMPRODUCT($E97:H97,$E$3:H$3))/I$3),0) -> 0 | J97: =INT(($C97-SUMPRODUCT($E97:I97,$E$3:I$3))/J$3) -> 1 | K97: =SUM(E97:J97) -> 12 | L97: =SUMPRODUCT(E97:J97,$E$3:$J$3) -> 3276
A98: ='스테이지별 골드'!C31 -> 7-3 | B98: 황금 (보너스) | C98: ='스테이지별 골드'!P31 -> 9450 | D98: =IF(C98>=E$3*설정!$B$10,E$3,IF(C98>=F$3*설정!$B$10,F$3,IF(C98>=G$3*설정!$B$10,G$3,IF(C98>=H$3*설정!$B$10,H$3,IF(C98>=I$3*설정!$B$10,I$3,J$3))))) -> 1000 | E98: =IF(E$3<=$D98,INT($C98/E$3),0) -> 9 | F98: =IF(F$3<=$D98,INT(($C98-SUMPRODUCT($E98:E98,$E$3:E$3))/F$3),0) -> 0 | G98: =IF(G$3<=$D98,INT(($C98-SUMPRODUCT($E98:F98,$E$3:F$3))/G$3),0) -> 4 | H98: =IF(H$3<=$D98,INT(($C98-SUMPRODUCT($E98:G98,$E$3:G$3))/H$3),0) -> 2 | I98: =IF(I$3<=$D98,INT(($C98-SUMPRODUCT($E98:H98,$E$3:H$3))/I$3),0) -> 0 | J98: =INT(($C98-SUMPRODUCT($E98:I98,$E$3:I$3))/J$3) -> 0 | K98: =SUM(E98:J98) -> 15 | L98: =SUMPRODUCT(E98:J98,$E$3:$J$3) -> 9450
A99: ='스테이지별 골드'!C32 -> 7-4 | B99: 일반 | C99: ='스테이지별 골드'!J32 -> 2600 | D99: =IF(C99>=E$3*설정!$B$10,E$3,IF(C99>=F$3*설정!$B$10,F$3,IF(C99>=G$3*설정!$B$10,G$3,IF(C99>=H$3*설정!$B$10,H$3,IF(C99>=I$3*설정!$B$10,I$3,J$3))))) -> 500 | E99: =IF(E$3<=$D99,INT($C99/E$3),0) -> 0 | F99: =IF(F$3<=$D99,INT(($C99-SUMPRODUCT($E99:E99,$E$3:E$3))/F$3),0) -> 5 | G99: =IF(G$3<=$D99,INT(($C99-SUMPRODUCT($E99:F99,$E$3:F$3))/G$3),0) -> 1 | H99: =IF(H$3<=$D99,INT(($C99-SUMPRODUCT($E99:G99,$E$3:G$3))/H$3),0) -> 0 | I99: =IF(I$3<=$D99,INT(($C99-SUMPRODUCT($E99:H99,$E$3:H$3))/I$3),0) -> 0 | J99: =INT(($C99-SUMPRODUCT($E99:I99,$E$3:I$3))/J$3) -> 0 | K99: =SUM(E99:J99) -> 6 | L99: =SUMPRODUCT(E99:J99,$E$3:$J$3) -> 2600
A100: ='스테이지별 골드'!C32 -> 7-4 | B100: 공격 | C100: ='스테이지별 골드'!K32 -> 4056 | D100: =IF(C100>=E$3*설정!$B$10,E$3,IF(C100>=F$3*설정!$B$10,F$3,IF(C100>=G$3*설정!$B$10,G$3,IF(C100>=H$3*설정!$B$10,H$3,IF(C100>=I$3*설정!$B$10,I$3,J$3))))) -> 500 | E100: =IF(E$3<=$D100,INT($C100/E$3),0) -> 0 | F100: =IF(F$3<=$D100,INT(($C100-SUMPRODUCT($E100:E100,$E$3:E$3))/F$3),0) -> 8 | G100: =IF(G$3<=$D100,INT(($C100-SUMPRODUCT($E100:F100,$E$3:F$3))/G$3),0) -> 0 | H100: =IF(H$3<=$D100,INT(($C100-SUMPRODUCT($E100:G100,$E$3:G$3))/H$3),0) -> 2 | I100: =IF(I$3<=$D100,INT(($C100-SUMPRODUCT($E100:H100,$E$3:H$3))/I$3),0) -> 1 | J100: =INT(($C100-SUMPRODUCT($E100:I100,$E$3:I$3))/J$3) -> 1 | K100: =SUM(E100:J100) -> 12 | L100: =SUMPRODUCT(E100:J100,$E$3:$J$3) -> 4056
...

Sheet 드랍 구성 (개편)
A1: 건물 1개당 드랍 구성 · 개편안 (Ver03)
A2: 목표 개수를 먼저 정하고, 평균 단가(골드÷개수) 양옆의 인접 2등급을 섞어 개수를 정확히 맞춤. 상위 등급은 데뷔 일정 이전엔 쓰지 않음. 골드는 재화 단위로 양자화되어 건물별 ±오차가 생김(검산 열).
O3: 환산 골드 → | P3: =설정!$B$20 -> 1000 | Q3: =설정!$B$19 -> 500 | R3: =설정!$B$18 -> 100 | S3: =설정!$B$17 -> 25 | T3: =설정!$B$16 -> 5 | U3: =설정!$B$15 -> 1
A4: 건물 유형 | B4: 스테이지 | C4: 순번 | D4: 시대 | E4: 목표 골드 | F4: 건물 수 | G4: 목표 개수 | H4: 평균 단가 | I4: 해금 최고 등급 | J4: 하위 등급 | K4: 상위 등급 | L4: 하위 단가 | M4: 상위 단가 | N4: 상위 개수 | O4: 하위 개수 | P4: 왕관 | Q4: 다이아몬드 | R4: 루비 | S4: 사파이어 | T4: 금괴 | U4: 금 코인 | V4: 드랍 개수 | W4: 확정 골드 | X4: 골드 오차 | Y4: 주력 재화 | Z4: Ver02 드랍 개수 | AA4: 직전 대비 개수 | AB4: 건물 합계 골드
A5: 일반 | B5: ='스테이지별 골드'!C5 -> 1-1 | C5: =MATCH(B5,'스테이지별 골드'!$C$5:$C$32,0) -> 1 | D5: =INT((C5-1)/4)+1 -> 1 | E5: ='스테이지별 골드'!J5 -> 10 | F5: ='스테이지별 골드'!D5 -> 9 | G5: =ROUND(설정!$B$26*(1+설정!$C$26)^(C5-1)*(1+설정!$D$26)^(D5-1),0) -> 10 | H5: =IF(G5=0,0,E5/G5) -> 1 | I5: =COUNTIF(설정!$C$34:$C$39,"<="&MAX(1,C5-설정!$E$26)) -> 2 | J5: =MIN(I5,MAX(1,COUNTIF(설정!$B$15:$B$20,"<="&H5))) -> 1 | K5: =IF(J5<I5,J5+1,J5) -> 2 | L5: =INDEX(설정!$B$15:$B$20,J5) -> 1 | M5: =INDEX(설정!$B$15:$B$20,K5) -> 5 | N5: =IF(K5=J5,0,MIN(G5,MAX(0,ROUND((E5-G5*L5)/(M5-L5),0)))) -> 0 | O5: =IF(K5=J5,ROUND(E5/L5,0),G5-N5) -> 10 | P5: =IF($K5=6,$N5,0)+IF($J5=6,$O5,0) -> 0 | Q5: =IF($K5=5,$N5,0)+IF($J5=5,$O5,0) -> 0 | R5: =IF($K5=4,$N5,0)+IF($J5=4,$O5,0) -> 0 | S5: =IF($K5=3,$N5,0)+IF($J5=3,$O5,0) -> 0 | T5: =IF($K5=2,$N5,0)+IF($J5=2,$O5,0) -> 0 | U5: =IF($K5=1,$N5,0)+IF($J5=1,$O5,0) -> 10 | V5: =SUM(P5:U5) -> 10 | W5: =SUMPRODUCT(P5:U5,$P$3:$U$3) -> 10 | X5: =IF(E5=0,0,W5/E5-1) -> 0 | Y5: =INDEX(설정!$A$15:$A$20,IF(N5*M5>=O5*L5,K5,J5)) -> 금 코인 | Z5: =SUMIFS('드랍 구성'!$K$5:$K$102,'드랍 구성'!$A$5:$A$102,B5,'드랍 구성'!$B$5:$B$102,A5) -> 10 | AA5: =IF(A4<>A5,"-",V5-V4) -> - | AB5: =W5*F5 -> 90
A6: 일반 | B6: ='스테이지별 골드'!C6 -> 1-2 | C6: =MATCH(B6,'스테이지별 골드'!$C$5:$C$32,0) -> 2 | D6: =INT((C6-1)/4)+1 -> 1 | E6: ='스테이지별 골드'!J6 -> 13 | F6: ='스테이지별 골드'!D6 -> 10 | G6: =ROUND(설정!$B$26*(1+설정!$C$26)^(C6-1)*(1+설정!$D$26)^(D6-1),0) -> 10 | H6: =IF(G6=0,0,E6/G6) -> 1.3 | I6: =COUNTIF(설정!$C$34:$C$39,"<="&MAX(1,C6-설정!$E$26)) -> 2 | J6: =MIN(I6,MAX(1,COUNTIF(설정!$B$15:$B$20,"<="&H6))) -> 1 | K6: =IF(J6<I6,J6+1,J6) -> 2 | L6: =INDEX(설정!$B$15:$B$20,J6) -> 1 | M6: =INDEX(설정!$B$15:$B$20,K6) -> 5 | N6: =IF(K6=J6,0,MIN(G6,MAX(0,ROUND((E6-G6*L6)/(M6-L6),0)))) -> 1 | O6: =IF(K6=J6,ROUND(E6/L6,0),G6-N6) -> 9 | P6: =IF($K6=6,$N6,0)+IF($J6=6,$O6,0) -> 0 | Q6: =IF($K6=5,$N6,0)+IF($J6=5,$O6,0) -> 0 | R6: =IF($K6=4,$N6,0)+IF($J6=4,$O6,0) -> 0 | S6: =IF($K6=3,$N6,0)+IF($J6=3,$O6,0) -> 0 | T6: =IF($K6=2,$N6,0)+IF($J6=2,$O6,0) -> 1 | U6: =IF($K6=1,$N6,0)+IF($J6=1,$O6,0) -> 9 | V6: =SUM(P6:U6) -> 10 | W6: =SUMPRODUCT(P6:U6,$P$3:$U$3) -> 14 | X6: =IF(E6=0,0,W6/E6-1) -> 0.076923077 | Y6: =INDEX(설정!$A$15:$A$20,IF(N6*M6>=O6*L6,K6,J6)) -> 금 코인 | Z6: =SUMIFS('드랍 구성'!$K$5:$K$102,'드랍 구성'!$A$5:$A$102,B6,'드랍 구성'!$B$5:$B$102,A6) -> 13 | AA6: =IF(A5<>A6,"-",V6-V5) -> 0 | AB6: =W6*F6 -> 140
A7: 일반 | B7: ='스테이지별 골드'!C7 -> 1-3 | C7: =MATCH(B7,'스테이지별 골드'!$C$5:$C$32,0) -> 3 | D7: =INT((C7-1)/4)+1 -> 1 | E7: ='스테이지별 골드'!J7 -> 15 | F7: ='스테이지별 골드'!D7 -> 11 | G7: =ROUND(설정!$B$26*(1+설정!$C$26)^(C7-1)*(1+설정!$D$26)^(D7-1),0) -> 10 | H7: =IF(G7=0,0,E7/G7) -> 1.5 | I7: =COUNTIF(설정!$C$34:$C$39,"<="&MAX(1,C7-설정!$E$26)) -> 2 | J7: =MIN(I7,MAX(1,COUNTIF(설정!$B$15:$B$20,"<="&H7))) -> 1 | K7: =IF(J7<I7,J7+1,J7) -> 2 | L7: =INDEX(설정!$B$15:$B$20,J7) -> 1 | M7: =INDEX(설정!$B$15:$B$20,K7) -> 5 | N7: =IF(K7=J7,0,MIN(G7,MAX(0,ROUND((E7-G7*L7)/(M7-L7),0)))) -> 1 | O7: =IF(K7=J7,ROUND(E7/L7,0),G7-N7) -> 9 | P7: =IF($K7=6,$N7,0)+IF($J7=6,$O7,0) -> 0 | Q7: =IF($K7=5,$N7,0)+IF($J7=5,$O7,0) -> 0 | R7: =IF($K7=4,$N7,0)+IF($J7=4,$O7,0) -> 0 | S7: =IF($K7=3,$N7,0)+IF($J7=3,$O7,0) -> 0 | T7: =IF($K7=2,$N7,0)+IF($J7=2,$O7,0) -> 1 | U7: =IF($K7=1,$N7,0)+IF($J7=1,$O7,0) -> 9 | V7: =SUM(P7:U7) -> 10 | W7: =SUMPRODUCT(P7:U7,$P$3:$U$3) -> 14 | X7: =IF(E7=0,0,W7/E7-1) -> -0.066666667 | Y7: =INDEX(설정!$A$15:$A$20,IF(N7*M7>=O7*L7,K7,J7)) -> 금 코인 | Z7: =SUMIFS('드랍 구성'!$K$5:$K$102,'드랍 구성'!$A$5:$A$102,B7,'드랍 구성'!$B$5:$B$102,A7) -> 15 | AA7: =IF(A6<>A7,"-",V7-V6) -> 0 | AB7: =W7*F7 -> 154
A8: 일반 | B8: ='스테이지별 골드'!C8 -> 1-4 | C8: =MATCH(B8,'스테이지별 골드'!$C$5:$C$32,0) -> 4 | D8: =INT((C8-1)/4)+1 -> 1 | E8: ='스테이지별 골드'!J8 -> 19 | F8: ='스테이지별 골드'!D8 -> 12 | G8: =ROUND(설정!$B$26*(1+설정!$C$26)^(C8-1)*(1+설정!$D$26)^(D8-1),0) -> 11 | H8: =IF(G8=0,0,E8/G8) -> 1.7272727 | I8: =COUNTIF(설정!$C$34:$C$39,"<="&MAX(1,C8-설정!$E$26)) -> 2 | J8: =MIN(I8,MAX(1,COUNTIF(설정!$B$15:$B$20,"<="&H8))) -> 1 | K8: =IF(J8<I8,J8+1,J8) -> 2 | L8: =INDEX(설정!$B$15:$B$20,J8) -> 1 | M8: =INDEX(설정!$B$15:$B$20,K8) -> 5 | N8: =IF(K8=J8,0,MIN(G8,MAX(0,ROUND((E8-G8*L8)/(M8-L8),0)))) -> 2 | O8: =IF(K8=J8,ROUND(E8/L8,0),G8-N8) -> 9 | P8: =IF($K8=6,$N8,0)+IF($J8=6,$O8,0) -> 0 | Q8: =IF($K8=5,$N8,0)+IF($J8=5,$O8,0) -> 0 | R8: =IF($K8=4,$N8,0)+IF($J8=4,$O8,0) -> 0 | S8: =IF($K8=3,$N8,0)+IF($J8=3,$O8,0) -> 0 | T8: =IF($K8=2,$N8,0)+IF($J8=2,$O8,0) -> 2 | U8: =IF($K8=1,$N8,0)+IF($J8=1,$O8,0) -> 9 | V8: =SUM(P8:U8) -> 11 | W8: =SUMPRODUCT(P8:U8,$P$3:$U$3) -> 19 | X8: =IF(E8=0,0,W8/E8-1) -> 0 | Y8: =INDEX(설정!$A$15:$A$20,IF(N8*M8>=O8*L8,K8,J8)) -> 금괴 | Z8: =SUMIFS('드랍 구성'!$K$5:$K$102,'드랍 구성'!$A$5:$A$102,B8,'드랍 구성'!$B$5:$B$102,A8) -> 19 | AA8: =IF(A7<>A8,"-",V8-V7) -> 1 | AB8: =W8*F8 -> 228
A9: 일반 | B9: ='스테이지별 골드'!C9 -> 2-1 | C9: =MATCH(B9,'스테이지별 골드'!$C$5:$C$32,0) -> 5 | D9: =INT((C9-1)/4)+1 -> 2 | E9: ='스테이지별 골드'!J9 -> 23 | F9: ='스테이지별 골드'!D9 -> 13 | G9: =ROUND(설정!$B$26*(1+설정!$C$26)^(C9-1)*(1+설정!$D$26)^(D9-1),0) -> 12 | H9: =IF(G9=0,0,E9/G9) -> 1.9166667 | I9: =COUNTIF(설정!$C$34:$C$39,"<="&MAX(1,C9-설정!$E$26)) -> 3 | J9: =MIN(I9,MAX(1,COUNTIF(설정!$B$15:$B$20,"<="&H9))) -> 1 | K9: =IF(J9<I9,J9+1,J9) -> 2 | L9: =INDEX(설정!$B$15:$B$20,J9) -> 1 | M9: =INDEX(설정!$B$15:$B$20,K9) -> 5 | N9: =IF(K9=J9,0,MIN(G9,MAX(0,ROUND((E9-G9*L9)/(M9-L9),0)))) -> 3 | O9: =IF(K9=J9,ROUND(E9/L9,0),G9-N9) -> 9 | P9: =IF($K9=6,$N9,0)+IF($J9=6,$O9,0) -> 0 | Q9: =IF($K9=5,$N9,0)+IF($J9=5,$O9,0) -> 0 | R9: =IF($K9=4,$N9,0)+IF($J9=4,$O9,0) -> 0 | S9: =IF($K9=3,$N9,0)+IF($J9=3,$O9,0) -> 0 | T9: =IF($K9=2,$N9,0)+IF($J9=2,$O9,0) -> 3 | U9: =IF($K9=1,$N9,0)+IF($J9=1,$O9,0) -> 9 | V9: =SUM(P9:U9) -> 12 | W9: =SUMPRODUCT(P9:U9,$P$3:$U$3) -> 24 | X9: =IF(E9=0,0,W9/E9-1) -> 0.043478261 | Y9: =INDEX(설정!$A$15:$A$20,IF(N9*M9>=O9*L9,K9,J9)) -> 금괴 | Z9: =SUMIFS('드랍 구성'!$K$5:$K$102,'드랍 구성'!$A$5:$A$102,B9,'드랍 구성'!$B$5:$B$102,A9) -> 23 | AA9: =IF(A8<>A9,"-",V9-V8) -> 1 | AB9: =W9*F9 -> 312
A10: 일반 | B10: ='스테이지별 골드'!C10 -> 2-2 | C10: =MATCH(B10,'스테이지별 골드'!$C$5:$C$32,0) -> 6 | D10: =INT((C10-1)/4)+1 -> 2 | E10: ='스테이지별 골드'!J10 -> 29 | F10: ='스테이지별 골드'!D10 -> 14 | G10: =ROUND(설정!$B$26*(1+설정!$C$26)^(C10-1)*(1+설정!$D$26)^(D10-1),0) -> 12 | H10: =IF(G10=0,0,E10/G10) -> 2.4166667 | I10: =COUNTIF(설정!$C$34:$C$39,"<="&MAX(1,C10-설정!$E$26)) -> 3 | J10: =MIN(I10,MAX(1,COUNTIF(설정!$B$15:$B$20,"<="&H10))) -> 1 | K10: =IF(J10<I10,J10+1,J10) -> 2 | L10: =INDEX(설정!$B$15:$B$20,J10) -> 1 | M10: =INDEX(설정!$B$15:$B$20,K10) -> 5 | N10: =IF(K10=J10,0,MIN(G10,MAX(0,ROUND((E10-G10*L10)/(M10-L10),0)))) -> 4 | O10: =IF(K10=J10,ROUND(E10/L10,0),G10-N10) -> 8 | P10: =IF($K10=6,$N10,0)+IF($J10=6,$O10,0) -> 0 | Q10: =IF($K10=5,$N10,0)+IF($J10=5,$O10,0) -> 0 | R10: =IF($K10=4,$N10,0)+IF($J10=4,$O10,0) -> 0 | S10: =IF($K10=3,$N10,0)+IF($J10=3,$O10,0) -> 0 | T10: =IF($K10=2,$N10,0)+IF($J10=2,$O10,0) -> 4 | U10: =IF($K10=1,$N10,0)+IF($J10=1,$O10,0) -> 8 | V10: =SUM(P10:U10) -> 12 | W10: =SUMPRODUCT(P10:U10,$P$3:$U$3) -> 28 | X10: =IF(E10=0,0,W10/E10-1) -> -0.034482759 | Y10: =INDEX(설정!$A$15:$A$20,IF(N10*M10>=O10*L10,K10,J10)) -> 금괴 | Z10: =SUMIFS('드랍 구성'!$K$5:$K$102,'드랍 구성'!$A$5:$A$102,B10,'드랍 구성'!$B$5:$B$102,A10) -> 9 | AA10: =IF(A9<>A10,"-",V10-V9) -> 0 | AB10: =W10*F10 -> 392
A11: 일반 | B11: ='스테이지별 골드'!C11 -> 2-3 | C11: =MATCH(B11,'스테이지별 골드'!$C$5:$C$32,0) -> 7 | D11: =INT((C11-1)/4)+1 -> 2 | E11: ='스테이지별 골드'!J11 -> 35 | F11: ='스테이지별 골드'!D11 -> 15 | G11: =ROUND(설정!$B$26*(1+설정!$C$26)^(C11-1)*(1+설정!$D$26)^(D11-1),0) -> 12 | H11: =IF(G11=0,0,E11/G11) -> 2.9166667 | I11: =COUNTIF(설정!$C$34:$C$39,"<="&MAX(1,C11-설정!$E$26)) -> 3 | J11: =MIN(I11,MAX(1,COUNTIF(설정!$B$15:$B$20,"<="&H11))) -> 1 | K11: =IF(J11<I11,J11+1,J11) -> 2 | L11: =INDEX(설정!$B$15:$B$20,J11) -> 1 | M11: =INDEX(설정!$B$15:$B$20,K11) -> 5 | N11: =IF(K11=J11,0,MIN(G11,MAX(0,ROUND((E11-G11*L11)/(M11-L11),0)))) -> 6 | O11: =IF(K11=J11,ROUND(E11/L11,0),G11-N11) -> 6 | P11: =IF($K11=6,$N11,0)+IF($J11=6,$O11,0) -> 0 | Q11: =IF($K11=5,$N11,0)+IF($J11=5,$O11,0) -> 0 | R11: =IF($K11=4,$N11,0)+IF($J11=4,$O11,0) -> 0 | S11: =IF($K11=3,$N11,0)+IF($J11=3,$O11,0) -> 0 | T11: =IF($K11=2,$N11,0)+IF($J11=2,$O11,0) -> 6 | U11: =IF($K11=1,$N11,0)+IF($J11=1,$O11,0) -> 6 | V11: =SUM(P11:U11) -> 12 | W11: =SUMPRODUCT(P11:U11,$P$3:$U$3) -> 36 | X11: =IF(E11=0,0,W11/E11-1) -> 0.028571429 | Y11: =INDEX(설정!$A$15:$A$20,IF(N11*M11>=O11*L11,K11,J11)) -> 금괴 | Z11: =SUMIFS('드랍 구성'!$K$5:$K$102,'드랍 구성'!$A$5:$A$102,B11,'드랍 구성'!$B$5:$B$102,A11) -> 7 | AA11: =IF(A10<>A11,"-",V11-V10) -> 0 | AB11: =W11*F11 -> 540
A12: 일반 | B12: ='스테이지별 골드'!C12 -> 2-4 | C12: =MATCH(B12,'스테이지별 골드'!$C$5:$C$32,0) -> 8 | D12: =INT((C12-1)/4)+1 -> 2 | E12: ='스테이지별 골드'!J12 -> 44 | F12: ='스테이지별 골드'!D12 -> 16 | G12: =ROUND(설정!$B$26*(1+설정!$C$26)^(C12-1)*(1+설정!$D$26)^(D12-1),0) -> 12 | H12: =IF(G12=0,0,E12/G12) -> 3.6666667 | I12: =COUNTIF(설정!$C$34:$C$39,"<="&MAX(1,C12-설정!$E$26)) -> 3 | J12: =MIN(I12,MAX(1,COUNTIF(설정!$B$15:$B$20,"<="&H12))) -> 1 | K12: =IF(J12<I12,J12+1,J12) -> 2 | L12: =INDEX(설정!$B$15:$B$20,J12) -> 1 | M12: =INDEX(설정!$B$15:$B$20,K12) -> 5 | N12: =IF(K12=J12,0,MIN(G12,MAX(0,ROUND((E12-G12*L12)/(M12-L12),0)))) -> 8 | O12: =IF(K12=J12,ROUND(E12/L12,0),G12-N12) -> 4 | P12: =IF($K12=6,$N12,0)+IF($J12=6,$O12,0) -> 0 | Q12: =IF($K12=5,$N12,0)+IF($J12=5,$O12,0) -> 0 | R12: =IF($K12=4,$N12,0)+IF($J12=4,$O12,0) -> 0 | S12: =IF($K12=3,$N12,0)+IF($J12=3,$O12,0) -> 0 | T12: =IF($K12=2,$N12,0)+IF($J12=2,$O12,0) -> 8 | U12: =IF($K12=1,$N12,0)+IF($J12=1,$O12,0) -> 4 | V12: =SUM(P12:U12) -> 12 | W12: =SUMPRODUCT(P12:U12,$P$3:$U$3) -> 44 | X12: =IF(E12=0,0,W12/E12-1) -> 0 | Y12: =INDEX(설정!$A$15:$A$20,IF(N12*M12>=O12*L12,K12,J12)) -> 금괴 | Z12: =SUMIFS('드랍 구성'!$K$5:$K$102,'드랍 구성'!$A$5:$A$102,B12,'드랍 구성'!$B$5:$B$102,A12) -> 12 | AA12: =IF(A11<>A12,"-",V12-V11) -> 0 | AB12: =W12*F12 -> 704
A13: 일반 | B13: ='스테이지별 골드'!C13 -> 3-1 | C13: =MATCH(B13,'스테이지별 골드'!$C$5:$C$32,0) -> 9 | D13: =INT((C13-1)/4)+1 -> 3 | E13: ='스테이지별 골드'!J13 -> 53 | F13: ='스테이지별 골드'!D13 -> 17 | G13: =ROUND(설정!$B$26*(1+설정!$C$26)^(C13-1)*(1+설정!$D$26)^(D13-1),0) -> 13 | H13: =IF(G13=0,0,E13/G13) -> 4.0769231 | I13: =COUNTIF(설정!$C$34:$C$39,"<="&MAX(1,C13-설정!$E$26)) -> 3 | J13: =MIN(I13,MAX(1,COUNTIF(설정!$B$15:$B$20,"<="&H13))) -> 1 | K13: =IF(J13<I13,J13+1,J13) -> 2 | L13: =INDEX(설정!$B$15:$B$20,J13) -> 1 | M13: =INDEX(설정!$B$15:$B$20,K13) -> 5 | N13: =IF(K13=J13,0,MIN(G13,MAX(0,ROUND((E13-G13*L13)/(M13-L13),0)))) -> 10 | O13: =IF(K13=J13,ROUND(E13/L13,0),G13-N13) -> 3 | P13: =IF($K13=6,$N13,0)+IF($J13=6,$O13,0) -> 0 | Q13: =IF($K13=5,$N13,0)+IF($J13=5,$O13,0) -> 0 | R13: =IF($K13=4,$N13,0)+IF($J13=4,$O13,0) -> 0 | S13: =IF($K13=3,$N13,0)+IF($J13=3,$O13,0) -> 0 | T13: =IF($K13=2,$N13,0)+IF($J13=2,$O13,0) -> 10 | U13: =IF($K13=1,$N13,0)+IF($J13=1,$O13,0) -> 3 | V13: =SUM(P13:U13) -> 13 | W13: =SUMPRODUCT(P13:U13,$P$3:$U$3) -> 53 | X13: =IF(E13=0,0,W13/E13-1) -> 0 | Y13: =INDEX(설정!$A$15:$A$20,IF(N13*M13>=O13*L13,K13,J13)) -> 금괴 | Z13: =SUMIFS('드랍 구성'!$K$5:$K$102,'드랍 구성'!$A$5:$A$102,B13,'드랍 구성'!$B$5:$B$102,A13) -> 13 | AA13: =IF(A12<>A13,"-",V13-V12) -> 1 | AB13: =W13*F13 -> 901
A14: 일반 | B14: ='스테이지별 골드'!C14 -> 3-2 | C14: =MATCH(B14,'스테이지별 골드'!$C$5:$C$32,0) -> 10 | D14: =INT((C14-1)/4)+1 -> 3 | E14: ='스테이지별 골드'!J14 -> 66 | F14: ='스테이지별 골드'!D14 -> 18 | G14: =ROUND(설정!$B$26*(1+설정!$C$26)^(C14-1)*(1+설정!$D$26)^(D14-1),0) -> 14 | H14: =IF(G14=0,0,E14/G14) -> 4.7142857 | I14: =COUNTIF(설정!$C$34:$C$39,"<="&MAX(1,C14-설정!$E$26)) -> 3 | J14: =MIN(I14,MAX(1,COUNTIF(설정!$B$15:$B$20,"<="&H14))) -> 1 | K14: =IF(J14<I14,J14+1,J14) -> 2 | L14: =INDEX(설정!$B$15:$B$20,J14) -> 1 | M14: =INDEX(설정!$B$15:$B$20,K14) -> 5 | N14: =IF(K14=J14,0,MIN(G14,MAX(0,ROUND((E14-G14*L14)/(M14-L14),0)))) -> 13 | O14: =IF(K14=J14,ROUND(E14/L14,0),G14-N14) -> 1 | P14: =IF($K14=6,$N14,0)+IF($J14=6,$O14,0) -> 0 | Q14: =IF($K14=5,$N14,0)+IF($J14=5,$O14,0) -> 0 | R14: =IF($K14=4,$N14,0)+IF($J14=4,$O14,0) -> 0 | S14: =IF($K14=3,$N14,0)+IF($J14=3,$O14,0) -> 0 | T14: =IF($K14=2,$N14,0)+IF($J14=2,$O14,0) -> 13 | U14: =IF($K14=1,$N14,0)+IF($J14=1,$O14,0) -> 1 | V14: =SUM(P14:U14) -> 14 | W14: =SUMPRODUCT(P14:U14,$P$3:$U$3) -> 66 | X14: =IF(E14=0,0,W14/E14-1) -> 0 | Y14: =INDEX(설정!$A$15:$A$20,IF(N14*M14>=O14*L14,K14,J14)) -> 금괴 | Z14: =SUMIFS('드랍 구성'!$K$5:$K$102,'드랍 구성'!$A$5:$A$102,B14,'드랍 구성'!$B$5:$B$102,A14) -> 14 | AA14: =IF(A13<>A14,"-",V14-V13) -> 1 | AB14: =W14*F14 -> 1188
A15: 일반 | B15: ='스테이지별 골드'!C15 -> 3-3 | C15: =MATCH(B15,'스테이지별 골드'!$C$5:$C$32,0) -> 11 | D15: =INT((C15-1)/4)+1 -> 3 | E15: ='스테이지별 골드'!J15 -> 80 | F15: ='스테이지별 골드'!D15 -> 19 | G15: =ROUND(설정!$B$26*(1+설정!$C$26)^(C15-1)*(1+설정!$D$26)^(D15-1),0) -> 14 | H15: =IF(G15=0,0,E15/G15) -> 5.7142857 | I15: =COUNTIF(설정!$C$34:$C$39,"<="&MAX(1,C15-설정!$E$26)) -> 3 | J15: =MIN(I15,MAX(1,COUNTIF(설정!$B$15:$B$20,"<="&H15))) -> 2 | K15: =IF(J15<I15,J15+1,J15) -> 3 | L15: =INDEX(설정!$B$15:$B$20,J15) -> 5 | M15: =INDEX(설정!$B$15:$B$20,K15) -> 25 | N15: =IF(K15=J15,0,MIN(G15,MAX(0,ROUND((E15-G15*L15)/(M15-L15),0)))) -> 1 | O15: =IF(K15=J15,ROUND(E15/L15,0),G15-N15) -> 13 | P15: =IF($K15=6,$N15,0)+IF($J15=6,$O15,0) -> 0 | Q15: =IF($K15=5,$N15,0)+IF($J15=5,$O15,0) -> 0 | R15: =IF($K15=4,$N15,0)+IF($J15=4,$O15,0) -> 0 | S15: =IF($K15=3,$N15,0)+IF($J15=3,$O15,0) -> 1 | T15: =IF($K15=2,$N15,0)+IF($J15=2,$O15,0) -> 13 | U15: =IF($K15=1,$N15,0)+IF($J15=1,$O15,0) -> 0 | V15: =SUM(P15:U15) -> 14 | W15: =SUMPRODUCT(P15:U15,$P$3:$U$3) -> 90 | X15: =IF(E15=0,0,W15/E15-1) -> 0.125 | Y15: =INDEX(설정!$A$15:$A$20,IF(N15*M15>=O15*L15,K15,J15)) -> 금괴 | Z15: =SUMIFS('드랍 구성'!$K$5:$K$102,'드랍 구성'!$A$5:$A$102,B15,'드랍 구성'!$B$5:$B$102,A15) -> 16 | AA15: =IF(A14<>A15,"-",V15-V14) -> 0 | AB15: =W15*F15 -> 1710
A16: 일반 | B16: ='스테이지별 골드'!C16 -> 3-4 | C16: =MATCH(B16,'스테이지별 골드'!$C$5:$C$32,0) -> 12 | D16: =INT((C16-1)/4)+1 -> 3 | E16: ='스테이지별 골드'!J16 -> 100 | F16: ='스테이지별 골드'!D16 -> 20 | G16: =ROUND(설정!$B$26*(1+설정!$C$26)^(C16-1)*(1+설정!$D$26)^(D16-1),0) -> 14 | H16: =IF(G16=0,0,E16/G16) -> 7.1428571 | I16: =COUNTIF(설정!$C$34:$C$39,"<="&MAX(1,C16-설정!$E$26)) -> 3 | J16: =MIN(I16,MAX(1,COUNTIF(설정!$B$15:$B$20,"<="&H16))) -> 2 | K16: =IF(J16<I16,J16+1,J16) -> 3 | L16: =INDEX(설정!$B$15:$B$20,J16) -> 5 | M16: =INDEX(설정!$B$15:$B$20,K16) -> 25 | N16: =IF(K16=J16,0,MIN(G16,MAX(0,ROUND((E16-G16*L16)/(M16-L16),0)))) -> 2 | O16: =IF(K16=J16,ROUND(E16/L16,0),G16-N16) -> 12 | P16: =IF($K16=6,$N16,0)+IF($J16=6,$O16,0) -> 0 | Q16: =IF($K16=5,$N16,0)+IF($J16=5,$O16,0) -> 0 | R16: =IF($K16=4,$N16,0)+IF($J16=4,$O16,0) -> 0 | S16: =IF($K16=3,$N16,0)+IF($J16=3,$O16,0) -> 2 | T16: =IF($K16=2,$N16,0)+IF($J16=2,$O16,0) -> 12 | U16: =IF($K16=1,$N16,0)+IF($J16=1,$O16,0) -> 0 | V16: =SUM(P16:U16) -> 14 | W16: =SUMPRODUCT(P16:U16,$P$3:$U$3) -> 110 | X16: =IF(E16=0,0,W16/E16-1) -> 0.1 | Y16: =INDEX(설정!$A$15:$A$20,IF(N16*M16>=O16*L16,K16,J16)) -> 금괴 | Z16: =SUMIFS('드랍 구성'!$K$5:$K$102,'드랍 구성'!$A$5:$A$102,B16,'드랍 구성'!$B$5:$B$102,A16) -> 20 | AA16: =IF(A15<>A16,"-",V16-V15) -> 0 | AB16: =W16*F16 -> 2200
... A32: 일반 | B32: ='스테이지별 골드'!C32 -> 7-4 | C32: =MATCH(B32,'스테이지별 골드'!$C$5:$C$32,0) -> 28 | D32: =INT((C32-1)/4)+1 -> 7 | E32: ='스테이지별 골드'!J32 -> 2600 | F32: ='스테이지별 골드'!D32 -> 36 | G32: =ROUND(설정!$B$26*(1+설정!$C$26)^(C32-1)*(1+설정!$D$26)^(D32-1),0) -> 26 | H32: =IF(G32=0,0,E32/G32) -> 100 | I32: =COUNTIF(설정!$C$34:$C$39,"<="&MAX(1,C32-설정!$E$26)) -> 5 | J32: =MIN(I32,MAX(1,COUNTIF(설정!$B$15:$B$20,"<="&H32))) -> 4 | K32: =IF(J32<I32,J32+1,J32) -> 5 | L32: =INDEX(설정!$B$15:$B$20,J32) -> 100 | M32: =INDEX(설정!$B$15:$B$20,K32) -> 500 | N32: =IF(K32=J32,0,MIN(G32,MAX(0,ROUND((E32-G32*L32)/(M32-L32),0)))) -> 0 | O32: =IF(K32=J32,ROUND(E32/L32,0),G32-N32) -> 26 | P32: =IF($K32=6,$N32,0)+IF($J32=6,$O32,0) -> 0 | Q32: =IF($K32=5,$N32,0)+IF($J32=5,$O32,0) -> 0 | R32: =IF($K32=4,$N32,0)+IF($J32=4,$O32,0) -> 26 | S32: =IF($K32=3,$N32,0)+IF($J32=3,$O32,0) -> 0 | T32: =IF($K32=2,$N32,0)+IF($J32=2,$O32,0) -> 0 | U32: =IF($K32=1,$N32,0)+IF($J32=1,$O32,0) -> 0 | V32: =SUM(P32:U32) -> 26 | W32: =SUMPRODUCT(P32:U32,$P$3:$U$3) -> 2600 | X32: =IF(E32=0,0,W32/E32-1) -> 0 | Y32: =INDEX(설정!$A$15:$A$20,IF(N32*M32>=O32*L32,K32,J32)) -> 루비 | Z32: =SUMIFS('드랍 구성'!$K$5:$K$102,'드랍 구성'!$A$5:$A$102,B32,'드랍 구성'!$B$5:$B$102,A32) -> 6 | AA32: =IF(A31<>A32,"-",V32-V31) -> 1 | AB32: =W32*F32 -> 93600
A33: 공격 | B33: ='스테이지별 골드'!C5 -> 1-1 | C33: =MATCH(B33,'스테이지별 골드'!$C$5:$C$32,0) -> 1 | D33: =INT((C33-1)/4)+1 -> 1 | E33: ='스테이지별 골드'!K5 -> 16 | F33: ='스테이지별 골드'!E5 -> 1 | G33: =ROUND(설정!$B$27*(1+설정!$C$27)^(C33-1)*(1+설정!$D$27)^(D33-1),0) -> 12 | H33: =IF(G33=0,0,E33/G33) -> 1.3333333 | I33: =COUNTIF(설정!$C$34:$C$39,"<="&MAX(1,C33-설정!$E$27)) -> 2 | J33: =MIN(I33,MAX(1,COUNTIF(설정!$B$15:$B$20,"<="&H33))) -> 1 | K33: =IF(J33<I33,J33+1,J33) -> 2 | L33: =INDEX(설정!$B$15:$B$20,J33) -> 1 | M33: =INDEX(설정!$B$15:$B$20,K33) -> 5 | N33: =IF(K33=J33,0,MIN(G33,MAX(0,ROUND((E33-G33*L33)/(M33-L33),0)))) -> 1 | O33: =IF(K33=J33,ROUND(E33/L33,0),G33-N33) -> 11 | P33: =IF($K33=6,$N33,0)+IF($J33=6,$O33,0) -> 0 | Q33: =IF($K33=5,$N33,0)+IF($J33=5,$O33,0) -> 0 | R33: =IF($K33=4,$N33,0)+IF($J33=4,$O33,0) -> 0 | S33: =IF($K33=3,$N33,0)+IF($J33=3,$O33,0) -> 0 | T33: =IF($K33=2,$N33,0)+IF($J33=2,$O33,0) -> 1 | U33: =IF($K33=1,$N33,0)+IF($J33=1,$O33,0) -> 11 | V33: =SUM(P33:U33) -> 12 | W33: =SUMPRODUCT(P33:U33,$P$3:$U$3) -> 16 | X33: =IF(E33=0,0,W33/E33-1) -> 0 | Y33: =INDEX(설정!$A$15:$A$20,IF(N33*M33>=O33*L33,K33,J33)) -> 금 코인 | Z33: =SUMIFS('드랍 구성'!$K$5:$K$102,'드랍 구성'!$A$5:$A$102,B33,'드랍 구성'!$B$5:$B$102,A33) -> 16 | AA33: =IF(A32<>A33,"-",V33-V32) -> - | AB33: =W33*F33 -> 16
A34: 공격 | B34: ='스테이지별 골드'!C6 -> 1-2 | C34: =MATCH(B34,'스테이지별 골드'!$C$5:$C$32,0) -> 2 | D34: =INT((C34-1)/4)+1 -> 1 | E34: ='스테이지별 골드'!K6 -> 20 | F34: ='스테이지별 골드'!E6 -> 2 | G34: =ROUND(설정!$B$27*(1+설정!$C$27)^(C34-1)*(1+설정!$D$27)^(D34-1),0) -> 12 | H34: =IF(G34=0,0,E34/G34) -> 1.6666667 | I34: =COUNTIF(설정!$C$34:$C$39,"<="&MAX(1,C34-설정!$E$27)) -> 2 | J34: =MIN(I34,MAX(1,COUNTIF(설정!$B$15:$B$20,"<="&H34))) -> 1 | K34: =IF(J34<I34,J34+1,J34) -> 2 | L34: =INDEX(설정!$B$15:$B$20,J34) -> 1 | M34: =INDEX(설정!$B$15:$B$20,K34) -> 5 | N34: =IF(K34=J34,0,MIN(G34,MAX(0,ROUND((E34-G34*L34)/(M34-L34),0)))) -> 2 | O34: =IF(K34=J34,ROUND(E34/L34,0),G34-N34) -> 10 | P34: =IF($K34=6,$N34,0)+IF($J34=6,$O34,0) -> 0 | Q34: =IF($K34=5,$N34,0)+IF($J34=5,$O34,0) -> 0 | R34: =IF($K34=4,$N34,0)+IF($J34=4,$O34,0) -> 0 | S34: =IF($K34=3,$N34,0)+IF($J34=3,$O34,0) -> 0 | T34: =IF($K34=2,$N34,0)+IF($J34=2,$O34,0) -> 2 | U34: =IF($K34=1,$N34,0)+IF($J34=1,$O34,0) -> 10 | V34: =SUM(P34:U34) -> 12 | W34: =SUMPRODUCT(P34:U34,$P$3:$U$3) -> 20 | X34: =IF(E34=0,0,W34/E34-1) -> 0 | Y34: =INDEX(설정!$A$15:$A$20,IF(N34*M34>=O34*L34,K34,J34)) -> 금괴 | Z34: =SUMIFS('드랍 구성'!$K$5:$K$102,'드랍 구성'!$A$5:$A$102,B34,'드랍 구성'!$B$5:$B$102,A34) -> 20 | AA34: =IF(A33<>A34,"-",V34-V33) -> 0 | AB34: =W34*F34 -> 40
A35: 공격 | B35: ='스테이지별 골드'!C7 -> 1-3 | C35: =MATCH(B35,'스테이지별 골드'!$C$5:$C$32,0) -> 3 | D35: =INT((C35-1)/4)+1 -> 1 | E35: ='스테이지별 골드'!K7 -> 24 | F35: ='스테이지별 골드'!E7 -> 2 | G35: =ROUND(설정!$B$27*(1+설정!$C$27)^(C35-1)*(1+설정!$D$27)^(D35-1),0) -> 12 | H35: =IF(G35=0,0,E35/G35) -> 2 | I35: =COUNTIF(설정!$C$34:$C$39,"<="&MAX(1,C35-설정!$E$27)) -> 2 | J35: =MIN(I35,MAX(1,COUNTIF(설정!$B$15:$B$20,"<="&H35))) -> 1 | K35: =IF(J35<I35,J35+1,J35) -> 2 | L35: =INDEX(설정!$B$15:$B$20,J35) -> 1 | M35: =INDEX(설정!$B$15:$B$20,K35) -> 5 | N35: =IF(K35=J35,0,MIN(G35,MAX(0,ROUND((E35-G35*L35)/(M35-L35),0)))) -> 3 | O35: =IF(K35=J35,ROUND(E35/L35,0),G35-N35) -> 9 | P35: =IF($K35=6,$N35,0)+IF($J35=6,$O35,0) -> 0 | Q35: =IF($K35=5,$N35,0)+IF($J35=5,$O35,0) -> 0 | R35: =IF($K35=4,$N35,0)+IF($J35=4,$O35,0) -> 0 | S35: =IF($K35=3,$N35,0)+IF($J35=3,$O35,0) -> 0 | T35: =IF($K35=2,$N35,0)+IF($J35=2,$O35,0) -> 3 | U35: =IF($K35=1,$N35,0)+IF($J35=1,$O35,0) -> 9 | V35: =SUM(P35:U35) -> 12 | W35: =SUMPRODUCT(P35:U35,$P$3:$U$3) -> 24 | X35: =IF(E35=0,0,W35/E35-1) -> 0 | Y35: =INDEX(설정!$A$15:$A$20,IF(N35*M35>=O35*L35,K35,J35)) -> 금괴 | Z35: =SUMIFS('드랍 구성'!$K$5:$K$102,'드랍 구성'!$A$5:$A$102,B35,'드랍 구성'!$B$5:$B$102,A35) -> 24 | AA35: =IF(A34<>A35,"-",V35-V34) -> 0 | AB35: =W35*F35 -> 48
A36: 공격 | B36: ='스테이지별 골드'!C8 -> 1-4 | C36: =MATCH(B36,'스테이지별 골드'!$C$5:$C$32,0) -> 4 | D36: =INT((C36-1)/4)+1 -> 1 | E36: ='스테이지별 골드'!K8 -> 30 | F36: ='스테이지별 골드'!E8 -> 3 | G36: =ROUND(설정!$B$27*(1+설정!$C$27)^(C36-1)*(1+설정!$D$27)^(D36-1),0) -> 13 | H36: =IF(G36=0,0,E36/G36) -> 2.3076923 | I36: =COUNTIF(설정!$C$34:$C$39,"<="&MAX(1,C36-설정!$E$27)) -> 2 | J36: =MIN(I36,MAX(1,COUNTIF(설정!$B$15:$B$20,"<="&H36))) -> 1 | K36: =IF(J36<I36,J36+1,J36) -> 2 | L36: =INDEX(설정!$B$15:$B$20,J36) -> 1 | M36: =INDEX(설정!$B$15:$B$20,K36) -> 5 | N36: =IF(K36=J36,0,MIN(G36,MAX(0,ROUND((E36-G36*L36)/(M36-L36),0)))) -> 4 | O36: =IF(K36=J36,ROUND(E36/L36,0),G36-N36) -> 9 | P36: =IF($K36=6,$N36,0)+IF($J36=6,$O36,0) -> 0 | Q36: =IF($K36=5,$N36,0)+IF($J36=5,$O36,0) -> 0 | R36: =IF($K36=4,$N36,0)+IF($J36=4,$O36,0) -> 0 | S36: =IF($K36=3,$N36,0)+IF($J36=3,$O36,0) -> 0 | T36: =IF($K36=2,$N36,0)+IF($J36=2,$O36,0) -> 4 | U36: =IF($K36=1,$N36,0)+IF($J36=1,$O36,0) -> 9 | V36: =SUM(P36:U36) -> 13 | W36: =SUMPRODUCT(P36:U36,$P$3:$U$3) -> 29 | X36: =IF(E36=0,0,W36/E36-1) -> -0.033333333 | Y36: =INDEX(설정!$A$15:$A$20,IF(N36*M36>=O36*L36,K36,J36)) -> 금괴 | Z36: =SUMIFS('드랍 구성'!$K$5:$K$102,'드랍 구성'!$A$5:$A$102,B36,'드랍 구성'!$B$5:$B$102,A36) -> 6 | AA36: =IF(A35<>A36,"-",V36-V35) -> 1 | AB36: =W36*F36 -> 87
A37: 공격 | B37: ='스테이지별 골드'!C9 -> 2-1 | C37: =MATCH(B37,'스테이지별 골드'!$C$5:$C$32,0) -> 5 | D37: =INT((C37-1)/4)+1 -> 2 | E37: ='스테이지별 골드'!K9 -> 36 | F37: ='스테이지별 골드'!E9 -> 3 | G37: =ROUND(설정!$B$27*(1+설정!$C$27)^(C37-1)*(1+설정!$D$27)^(D37-1),0) -> 14 | H37: =IF(G37=0,0,E37/G37) -> 2.5714286 | I37: =COUNTIF(설정!$C$34:$C$39,"<="&MAX(1,C37-설정!$E$27)) -> 3 | J37: =MIN(I37,MAX(1,COUNTIF(설정!$B$15:$B$20,"<="&H37))) -> 1 | K37: =IF(J37<I37,J37+1,J37) -> 2 | L37: =INDEX(설정!$B$15:$B$20,J37) -> 1 | M37: =INDEX(설정!$B$15:$B$20,K37) -> 5 | N37: =IF(K37=J37,0,MIN(G37,MAX(0,ROUND((E37-G37*L37)/(M37-L37),0)))) -> 6 | O37: =IF(K37=J37,ROUND(E37/L37,0),G37-N37) -> 8 | P37: =IF($K37=6,$N37,0)+IF($J37=6,$O37,0) -> 0 | Q37: =IF($K37=5,$N37,0)+IF($J37=5,$O37,0) -> 0 | R37: =IF($K37=4,$N37,0)+IF($J37=4,$O37,0) -> 0 | S37: =IF($K37=3,$N37,0)+IF($J37=3,$O37,0) -> 0 | T37: =IF($K37=2,$N37,0)+IF($J37=2,$O37,0) -> 6 | U37: =IF($K37=1,$N37,0)+IF($J37=1,$O37,0) -> 8 | V37: =SUM(P37:U37) -> 14 | W37: =SUMPRODUCT(P37:U37,$P$3:$U$3) -> 38 | X37: =IF(E37=0,0,W37/E37-1) -> 0.055555556 | Y37: =INDEX(설정!$A$15:$A$20,IF(N37*M37>=O37*L37,K37,J37)) -> 금괴 | Z37: =SUMIFS('드랍 구성'!$K$5:$K$102,'드랍 구성'!$A$5:$A$102,B37,'드랍 구성'!$B$5:$B$102,A37) -> 8 | AA37: =IF(A36<>A37,"-",V37-V36) -> 1 | AB37: =W37*F37 -> 114
A38: 공격 | B38: ='스테이지별 골드'!C10 -> 2-2 | C38: =MATCH(B38,'스테이지별 골드'!$C$5:$C$32,0) -> 6 | D38: =INT((C38-1)/4)+1 -> 2 | E38: ='스테이지별 골드'!K10 -> 46 | F38: ='스테이지별 골드'!E10 -> 4 | G38: =ROUND(설정!$B$27*(1+설정!$C$27)^(C38-1)*(1+설정!$D$27)^(D38-1),0) -> 14 | H38: =IF(G38=0,0,E38/G38) -> 3.2857143 | I38: =COUNTIF(설정!$C$34:$C$39,"<="&MAX(1,C38-설정!$E$27)) -> 3 | J38: =MIN(I38,MAX(1,COUNTIF(설정!$B$15:$B$20,"<="&H38))) -> 1 | K38: =IF(J38<I38,J38+1,J38) -> 2 | L38: =INDEX(설정!$B$15:$B$20,J38) -> 1 | M38: =INDEX(설정!$B$15:$B$20,K38) -> 5 | N38: =IF(K38=J38,0,MIN(G38,MAX(0,ROUND((E38-G38*L38)/(M38-L38),0)))) -> 8 | O38: =IF(K38=J38,ROUND(E38/L38,0),G38-N38) -> 6 | P38: =IF($K38=6,$N38,0)+IF($J38=6,$O38,0) -> 0 | Q38: =IF($K38=5,$N38,0)+IF($J38=5,$O38,0) -> 0 | R38: =IF($K38=4,$N38,0)+IF($J38=4,$O38,0) -> 0 | S38: =IF($K38=3,$N38,0)+IF($J38=3,$O38,0) -> 0 | T38: =IF($K38=2,$N38,0)+IF($J38=2,$O38,0) -> 8 | U38: =IF($K38=1,$N38,0)+IF($J38=1,$O38,0) -> 6 | V38: =SUM(P38:U38) -> 14 | W38: =SUMPRODUCT(P38:U38,$P$3:$U$3) -> 46 | X38: =IF(E38=0,0,W38/E38-1) -> 0 | Y38: =INDEX(설정!$A$15:$A$20,IF(N38*M38>=O38*L38,K38,J38)) -> 금괴 | Z38: =SUMIFS('드랍 구성'!$K$5:$K$102,'드랍 구성'!$A$5:$A$102,B38,'드랍 구성'!$B$5:$B$102,A38) -> 10 | AA38: =IF(A37<>A38,"-",V38-V37) -> 0 | AB38: =W38*F38 -> 184
A39: 공격 | B39: ='스테이지별 골드'!C11 -> 2-3 | C39: =MATCH(B39,'스테이지별 골드'!$C$5:$C$32,0) -> 7 | D39: =INT((C39-1)/4)+1 -> 2 | E39: ='스테이지별 골드'!K11 -> 55 | F39: ='스테이지별 골드'!E11 -> 4 | G39: =ROUND(설정!$B$27*(1+설정!$C$27)^(C39-1)*(1+설정!$D$27)^(D39-1),0) -> 14 | H39: =IF(G39=0,0,E39/G39) -> 3.9285714 | I39: =COUNTIF(설정!$C$34:$C$39,"<="&MAX(1,C39-설정!$E$27)) -> 3 | J39: =MIN(I39,MAX(1,COUNTIF(설정!$B$15:$B$20,"<="&H39))) -> 1 | K39: =IF(J39<I39,J39+1,J39) -> 2 | L39: =INDEX(설정!$B$15:$B$20,J39) -> 1 | M39: =INDEX(설정!$B$15:$B$20,K39) -> 5 | N39: =IF(K39=J39,0,MIN(G39,MAX(0,ROUND((E39-G39*L39)/(M39-L39),0)))) -> 10 | O39: =IF(K39=J39,ROUND(E39/L39,0),G39-N39) -> 4 | P39: =IF($K39=6,$N39,0)+IF($J39=6,$O39,0) -> 0 | Q39: =IF($K39=5,$N39,0)+IF($J39=5,$O39,0) -> 0 | R39: =IF($K39=4,$N39,0)+IF($J39=4,$O39,0) -> 0 | S39: =IF($K39=3,$N39,0)+IF($J39=3,$O39,0) -> 0 | T39: =IF($K39=2,$N39,0)+IF($J39=2,$O39,0) -> 10 | U39: =IF($K39=1,$N39,0)+IF($J39=1,$O39,0) -> 4 | V39: =SUM(P39:U39) -> 14 | W39: =SUMPRODUCT(P39:U39,$P$3:$U$3) -> 54 | X39: =IF(E39=0,0,W39/E39-1) -> -0.018181818 | Y39: =INDEX(설정!$A$15:$A$20,IF(N39*M39>=O39*L39,K39,J39)) -> 금괴 | Z39: =SUMIFS('드랍 구성'!$K$5:$K$102,'드랍 구성'!$A$5:$A$102,B39,'드랍 구성'!$B$5:$B$102,A39) -> 11 | AA39: =IF(A38<>A39,"-",V39-V38) -> 0 | AB39: =W39*F39 -> 216
A40: 공격 | B40: ='스테이지별 골드'!C12 -> 2-4 | C40: =MATCH(B40,'스테이지별 골드'!$C$5:$C$32,0) -> 8 | D40: =INT((C40-1)/4)+1 -> 2 | E40: ='스테이지별 골드'!K12 -> 69 | F40: ='스테이지별 골드'!E12 -> 5 | G40: =ROUND(설정!$B$27*(1+설정!$C$27)^(C40-1)*(1+설정!$D$27)^(D40-1),0) -> 15 | H40: =IF(G40=0,0,E40/G40) -> 4.6 | I40: =COUNTIF(설정!$C$34:$C$39,"<="&MAX(1,C40-설정!$E$27)) -> 3 | J40: =MIN(I40,MAX(1,COUNTIF(설정!$B$15:$B$20,"<="&H40))) -> 1 | K40: =IF(J40<I40,J40+1,J40) -> 2 | L40: =INDEX(설정!$B$15:$B$20,J40) -> 1 | M40: =INDEX(설정!$B$15:$B$20,K40) -> 5 | N40: =IF(K40=J40,0,MIN(G40,MAX(0,ROUND((E40-G40*L40)/(M40-L40),0)))) -> 14 | O40: =IF(K40=J40,ROUND(E40/L40,0),G40-N40) -> 1 | P40: =IF($K40=6,$N40,0)+IF($J40=6,$O40,0) -> 0 | Q40: =IF($K40=5,$N40,0)+IF($J40=5,$O40,0) -> 0 | R40: =IF($K40=4,$N40,0)+IF($J40=4,$O40,0) -> 0 | S40: =IF($K40=3,$N40,0)+IF($J40=3,$O40,0) -> 0 | T40: =IF($K40=2,$N40,0)+IF($J40=2,$O40,0) -> 14 | U40: =IF($K40=1,$N40,0)+IF($J40=1,$O40,0) -> 1 | V40: =SUM(P40:U40) -> 15 | W40: =SUMPRODUCT(P40:U40,$P$3:$U$3) -> 71 | X40: =IF(E40=0,0,W40/E40-1) -> 0.028985507 | Y40: =INDEX(설정!$A$15:$A$20,IF(N40*M40>=O40*L40,K40,J40)) -> 금괴 | Z40: =SUMIFS('드랍 구성'!$K$5:$K$102,'드랍 구성'!$A$5:$A$102,B40,'드랍 구성'!$B$5:$B$102,A40) -> 17 | AA40: =IF(A39<>A40,"-",V40-V39) -> 1 | AB40: =W40*F40 -> 355
A41: 공격 | B41: ='스테이지별 골드'!C13 -> 3-1 | C41: =MATCH(B41,'스테이지별 골드'!$C$5:$C$32,0) -> 9 | D41: =INT((C41-1)/4)+1 -> 3 | E41: ='스테이지별 골드'!K13 -> 84 | F41: ='스테이지별 골드'!E13 -> 5 | G41: =ROUND(설정!$B$27*(1+설정!$C$27)^(C41-1)*(1+설정!$D$27)^(D41-1),0) -> 16 | H41: =IF(G41=0,0,E41/G41) -> 5.25 | I41: =COUNTIF(설정!$C$34:$C$39,"<="&MAX(1,C41-설정!$E$27)) -> 3 | J41: =MIN(I41,MAX(1,COUNTIF(설정!$B$15:$B$20,"<="&H41))) -> 2 | K41: =IF(J41<I41,J41+1,J41) -> 3 | L41: =INDEX(설정!$B$15:$B$20,J41) -> 5 | M41: =INDEX(설정!$B$15:$B$20,K41) -> 25 | N41: =IF(K41=J41,0,MIN(G41,MAX(0,ROUND((E41-G41*L41)/(M41-L41),0)))) -> 0 | O41: =IF(K41=J41,ROUND(E41/L41,0),G41-N41) -> 16 | P41: =IF($K41=6,$N41,0)+IF($J41=6,$O41,0) -> 0 | Q41: =IF($K41=5,$N41,0)+IF($J41=5,$O41,0) -> 0 | R41: =IF($K41=4,$N41,0)+IF($J41=4,$O41,0) -> 0 | S41: =IF($K41=3,$N41,0)+IF($J41=3,$O41,0) -> 0 | T41: =IF($K41=2,$N41,0)+IF($J41=2,$O41,0) -> 16 | U41: =IF($K41=1,$N41,0)+IF($J41=1,$O41,0) -> 0 | V41: =SUM(P41:U41) -> 16 | W41: =SUMPRODUCT(P41:U41,$P$3:$U$3) -> 80 | X41: =IF(E41=0,0,W41/E41-1) -> -0.047619048 | Y41: =INDEX(설정!$A$15:$A$20,IF(N41*M41>=O41*L41,K41,J41)) -> 금괴 | Z41: =SUMIFS('드랍 구성'!$K$5:$K$102,'드랍 구성'!$A$5:$A$102,B41,'드랍 구성'!$B$5:$B$102,A41) -> 20 | AA41: =IF(A40<>A41,"-",V41-V40) -> 1 | AB41: =W41*F41 -> 400
A42: 공격 | B42: ='스테이지별 골드'!C14 -> 3-2 | C42: =MATCH(B42,'스테이지별 골드'!$C$5:$C$32,0) -> 10 | D42: =INT((C42-1)/4)+1 -> 3 | E42: ='스테이지별 골드'!K14 -> 103 | F42: ='스테이지별 골드'!E14 -> 6 | G42: =ROUND(설정!$B$27*(1+설정!$C$27)^(C42-1)*(1+설정!$D$27)^(D42-1),0) -> 16 | H42: =IF(G42=0,0,E42/G42) -> 6.4375 | I42: =COUNTIF(설정!$C$34:$C$39,"<="&MAX(1,C42-설정!$E$27)) -> 3 | J42: =MIN(I42,MAX(1,COUNTIF(설정!$B$15:$B$20,"<="&H42))) -> 2 | K42: =IF(J42<I42,J42+1,J42) -> 3 | L42: =INDEX(설정!$B$15:$B$20,J42) -> 5 | M42: =INDEX(설정!$B$15:$B$20,K42) -> 25 | N42: =IF(K42=J42,0,MIN(G42,MAX(0,ROUND((E42-G42*L42)/(M42-L42),0)))) -> 1 | O42: =IF(K42=J42,ROUND(E42/L42,0),G42-N42) -> 15 | P42: =IF($K42=6,$N42,0)+IF($J42=6,$O42,0) -> 0 | Q42: =IF($K42=5,$N42,0)+IF($J42=5,$O42,0) -> 0 | R42: =IF($K42=4,$N42,0)+IF($J42=4,$O42,0) -> 0 | S42: =IF($K42=3,$N42,0)+IF($J42=3,$O42,0) -> 1 | T42: =IF($K42=2,$N42,0)+IF($J42=2,$O42,0) -> 15 | U42: =IF($K42=1,$N42,0)+IF($J42=1,$O42,0) -> 0 | V42: =SUM(P42:U42) -> 16 | W42: =SUMPRODUCT(P42:U42,$P$3:$U$3) -> 100 | X42: =IF(E42=0,0,W42/E42-1) -> -0.029126214 | Y42: =INDEX(설정!$A$15:$A$20,IF(N42*M42>=O42*L42,K42,J42)) -> 금괴 | Z42: =SUMIFS('드랍 구성'!$K$5:$K$102,'드랍 구성'!$A$5:$A$102,B42,'드랍 구성'!$B$5:$B$102,A42) -> 23 | AA42: =IF(A41<>A42,"-",V42-V41) -> 0 | AB42: =W42*F42 -> 600
A43: 공격 | B43: ='스테이지별 골드'!C15 -> 3-3 | C43: =MATCH(B43,'스테이지별 골드'!$C$5:$C$32,0) -> 11 | D43: =INT((C43-1)/4)+1 -> 3 | E43: ='스테이지별 골드'!K15 -> 126 | F43: ='스테이지별 골드'!E15 -> 6 | G43: =ROUND(설정!$B$27*(1+설정!$C$27)^(C43-1)*(1+설정!$D$27)^(D43-1),0) -> 17 | H43: =IF(G43=0,0,E43/G43) -> 7.4117647 | I43: =COUNTIF(설정!$C$34:$C$39,"<="&MAX(1,C43-설정!$E$27)) -> 3 | J43: =MIN(I43,MAX(1,COUNTIF(설정!$B$15:$B$20,"<="&H43))) -> 2 | K43: =IF(J43<I43,J43+1,J43) -> 3 | L43: =INDEX(설정!$B$15:$B$20,J43) -> 5 | M43: =INDEX(설정!$B$15:$B$20,K43) -> 25 | N43: =IF(K43=J43,0,MIN(G43,MAX(0,ROUND((E43-G43*L43)/(M43-L43),0)))) -> 2 | O43: =IF(K43=J43,ROUND(E43/L43,0),G43-N43) -> 15 | P43: =IF($K43=6,$N43,0)+IF($J43=6,$O43,0) -> 0 | Q43: =IF($K43=5,$N43,0)+IF($J43=5,$O43,0) -> 0 | R43: =IF($K43=4,$N43,0)+IF($J43=4,$O43,0) -> 0 | S43: =IF($K43=3,$N43,0)+IF($J43=3,$O43,0) -> 2 | T43: =IF($K43=2,$N43,0)+IF($J43=2,$O43,0) -> 15 | U43: =IF($K43=1,$N43,0)+IF($J43=1,$O43,0) -> 0 | V43: =SUM(P43:U43) -> 17 | W43: =SUMPRODUCT(P43:U43,$P$3:$U$3) -> 125 | X43: =IF(E43=0,0,W43/E43-1) -> -0.0079365079 | Y43: =INDEX(설정!$A$15:$A$20,IF(N43*M43>=O43*L43,K43,J43)) -> 금괴 | Z43: =SUMIFS('드랍 구성'!$K$5:$K$102,'드랍 구성'!$A$5:$A$102,B43,'드랍 구성'!$B$5:$B$102,A43) -> 6 | AA43: =IF(A42<>A43,"-",V43-V42) -> 1 | AB43: =W43*F43 -> 750
A44: 공격 | B44: ='스테이지별 골드'!C16 -> 3-4 | C44: =MATCH(B44,'스테이지별 골드'!$C$5:$C$32,0) -> 12 | D44: =INT((C44-1)/4)+1 -> 3 | E44: ='스테이지별 골드'!K16 -> 156 | F44: ='스테이지별 골드'!E16 -> 7 | G44: =ROUND(설정!$B$27*(1+설정!$C$27)^(C44-1)*(1+설정!$D$27)^(D44-1),0) -> 17 | H44: =IF(G44=0,0,E44/G44) -> 9.1764706 | I44: =COUNTIF(설정!$C$34:$C$39,"<="&MAX(1,C44-설정!$E$27)) -> 3 | J44: =MIN(I44,MAX(1,COUNTIF(설정!$B$15:$B$20,"<="&H44))) -> 2 | K44: =IF(J44<I44,J44+1,J44) -> 3 | L44: =INDEX(설정!$B$15:$B$20,J44) -> 5 | M44: =INDEX(설정!$B$15:$B$20,K44) -> 25 | N44: =IF(K44=J44,0,MIN(G44,MAX(0,ROUND((E44-G44*L44)/(M44-L44),0)))) -> 4 | O44: =IF(K44=J44,ROUND(E44/L44,0),G44-N44) -> 13 | P44: =IF($K44=6,$N44,0)+IF($J44=6,$O44,0) -> 0 | Q44: =IF($K44=5,$N44,0)+IF($J44=5,$O44,0) -> 0 | R44: =IF($K44=4,$N44,0)+IF($J44=4,$O44,0) -> 0 | S44: =IF($K44=3,$N44,0)+IF($J44=3,$O44,0) -> 4 | T44: =IF($K44=2,$N44,0)+IF($J44=2,$O44,0) -> 13 | U44: =IF($K44=1,$N44,0)+IF($J44=1,$O44,0) -> 0 | V44: =SUM(P44:U44) -> 17 | W44: =SUMPRODUCT(P44:U44,$P$3:$U$3) -> 165 | X44: =IF(E44=0,0,W44/E44-1) -> 0.057692308 | Y44: =INDEX(설정!$A$15:$A$20,IF(N44*M44>=O44*L44,K44,J44)) -> 사파이어 | Z44: =SUMIFS('드랍 구성'!$K$5:$K$102,'드랍 구성'!$A$5:$A$102,B44,'드랍 구성'!$B$5:$B$102,A44) -> 8 | AA44: =IF(A43<>A44,"-",V44-V43) -> 0 | AB44: =W44*F44 -> 1155
... A60: 공격 | B60: ='스테이지별 골드'!C32 -> 7-4 | C60: =MATCH(B60,'스테이지별 골드'!$C$5:$C$32,0) -> 28 | D60: =INT((C60-1)/4)+1 -> 7 | E60: ='스테이지별 골드'!K32 -> 4056 | F60: ='스테이지별 골드'!E32 -> 15 | G60: =ROUND(설정!$B$27*(1+설정!$C$27)^(C60-1)*(1+설정!$D$27)^(D60-1),0) -> 31 | H60: =IF(G60=0,0,E60/G60) -> 130.83871 | I60: =COUNTIF(설정!$C$34:$C$39,"<="&MAX(1,C60-설정!$E$27)) -> 5 | J60: =MIN(I60,MAX(1,COUNTIF(설정!$B$15:$B$20,"<="&H60))) -> 4 | K60: =IF(J60<I60,J60+1,J60) -> 5 | L60: =INDEX(설정!$B$15:$B$20,J60) -> 100 | M60: =INDEX(설정!$B$15:$B$20,K60) -> 500 | N60: =IF(K60=J60,0,MIN(G60,MAX(0,ROUND((E60-G60*L60)/(M60-L60),0)))) -> 2 | O60: =IF(K60=J60,ROUND(E60/L60,0),G60-N60) -> 29 | P60: =IF($K60=6,$N60,0)+IF($J60=6,$O60,0) -> 0 | Q60: =IF($K60=5,$N60,0)+IF($J60=5,$O60,0) -> 2 | R60: =IF($K60=4,$N60,0)+IF($J60=4,$O60,0) -> 29 | S60: =IF($K60=3,$N60,0)+IF($J60=3,$O60,0) -> 0 | T60: =IF($K60=2,$N60,0)+IF($J60=2,$O60,0) -> 0 | U60: =IF($K60=1,$N60,0)+IF($J60=1,$O60,0) -> 0 | V60: =SUM(P60:U60) -> 31 | W60: =SUMPRODUCT(P60:U60,$P$3:$U$3) -> 3900 | X60: =IF(E60=0,0,W60/E60-1) -> -0.038461538 | Y60: =INDEX(설정!$A$15:$A$20,IF(N60*M60>=O60*L60,K60,J60)) -> 루비 | Z60: =SUMIFS('드랍 구성'!$K$5:$K$102,'드랍 구성'!$A$5:$A$102,B60,'드랍 구성'!$B$5:$B$102,A60) -> 12 | AA60: =IF(A59<>A60,"-",V60-V59) -> 1 | AB60: =W60*F60 -> 58500
A61: 랜드마크 | B61: ='스테이지별 골드'!C6 -> 1-2 | C61: =MATCH(B61,'스테이지별 골드'!$C$5:$C$32,0) -> 2 | D61: =INT((C61-1)/4)+1 -> 1 | E61: ='스테이지별 골드'!L6 -> 94 | F61: ='스테이지별 골드'!F6 -> 1 | G61: =ROUND(설정!$B$28*(1+설정!$C$28)^(C61-1)*(1+설정!$D$28)^(D61-1),0) -> 20 | H61: =IF(G61=0,0,E61/G61) -> 4.7 | I61: =COUNTIF(설정!$C$34:$C$39,"<="&MAX(1,C61-설정!$E$28)) -> 2 | J61: =MIN(I61,MAX(1,COUNTIF(설정!$B$15:$B$20,"<="&H61))) -> 1 | K61: =IF(J61<I61,J61+1,J61) -> 2 | L61: =INDEX(설정!$B$15:$B$20,J61) -> 1 | M61: =INDEX(설정!$B$15:$B$20,K61) -> 5 | N61: =IF(K61=J61,0,MIN(G61,MAX(0,ROUND((E61-G61*L61)/(M61-L61),0)))) -> 19 | O61: =IF(K61=J61,ROUND(E61/L61,0),G61-N61) -> 1 | P61: =IF($K61=6,$N61,0)+IF($J61=6,$O61,0) -> 0 | Q61: =IF($K61=5,$N61,0)+IF($J61=5,$O61,0) -> 0 | R61: =IF($K61=4,$N61,0)+IF($J61=4,$O61,0) -> 0 | S61: =IF($K61=3,$N61,0)+IF($J61=3,$O61,0) -> 0 | T61: =IF($K61=2,$N61,0)+IF($J61=2,$O61,0) -> 19 | U61: =IF($K61=1,$N61,0)+IF($J61=1,$O61,0) -> 1 | V61: =SUM(P61:U61) -> 20 | W61: =SUMPRODUCT(P61:U61,$P$3:$U$3) -> 96 | X61: =IF(E61=0,0,W61/E61-1) -> 0.021276596 | Y61: =INDEX(설정!$A$15:$A$20,IF(N61*M61>=O61*L61,K61,J61)) -> 금괴 | Z61: =SUMIFS('드랍 구성'!$K$5:$K$102,'드랍 구성'!$A$5:$A$102,B61,'드랍 구성'!$B$5:$B$102,A61) -> 22 | AA61: =IF(A60<>A61,"-",V61-V60) -> - | AB61: =W61*F61 -> 96
A62: 랜드마크 | B62: ='스테이지별 골드'!C8 -> 1-4 | C62: =MATCH(B62,'스테이지별 골드'!$C$5:$C$32,0) -> 4 | D62: =INT((C62-1)/4)+1 -> 1 | E62: ='스테이지별 골드'!L8 -> 143 | F62: ='스테이지별 골드'!F8 -> 1 | G62: =ROUND(설정!$B$28*(1+설정!$C$28)^(C62-1)*(1+설정!$D$28)^(D62-1),0) -> 21 | H62: =IF(G62=0,0,E62/G62) -> 6.8095238 | I62: =COUNTIF(설정!$C$34:$C$39,"<="&MAX(1,C62-설정!$E$28)) -> 3 | J62: =MIN(I62,MAX(1,COUNTIF(설정!$B$15:$B$20,"<="&H62))) -> 2 | K62: =IF(J62<I62,J62+1,J62) -> 3 | L62: =INDEX(설정!$B$15:$B$20,J62) -> 5 | M62: =INDEX(설정!$B$15:$B$20,K62) -> 25 | N62: =IF(K62=J62,0,MIN(G62,MAX(0,ROUND((E62-G62*L62)/(M62-L62),0)))) -> 2 | O62: =IF(K62=J62,ROUND(E62/L62,0),G62-N62) -> 19 | P62: =IF($K62=6,$N62,0)+IF($J62=6,$O62,0) -> 0 | Q62: =IF($K62=5,$N62,0)+IF($J62=5,$O62,0) -> 0 | R62: =IF($K62=4,$N62,0)+IF($J62=4,$O62,0) -> 0 | S62: =IF($K62=3,$N62,0)+IF($J62=3,$O62,0) -> 2 | T62: =IF($K62=2,$N62,0)+IF($J62=2,$O62,0) -> 19 | U62: =IF($K62=1,$N62,0)+IF($J62=1,$O62,0) -> 0 | V62: =SUM(P62:U62) -> 21 | W62: =SUMPRODUCT(P62:U62,$P$3:$U$3) -> 145 | X62: =IF(E62=0,0,W62/E62-1) -> 0.013986014 | Y62: =INDEX(설정!$A$15:$A$20,IF(N62*M62>=O62*L62,K62,J62)) -> 금괴 | Z62: =SUMIFS('드랍 구성'!$K$5:$K$102,'드랍 구성'!$A$5:$A$102,B62,'드랍 구성'!$B$5:$B$102,A62) -> 11 | AA62: =IF(A61<>A62,"-",V62-V61) -> 1 | AB62: =W62*F62 -> 145
A63: 랜드마크 | B63: ='스테이지별 골드'!C10 -> 2-2 | C63: =MATCH(B63,'스테이지별 골드'!$C$5:$C$32,0) -> 6 | D63: =INT((C63-1)/4)+1 -> 2 | E63: ='스테이지별 골드'!L10 -> 218 | F63: ='스테이지별 골드'!F10 -> 1 | G63: =ROUND(설정!$B$28*(1+설정!$C$28)^(C63-1)*(1+설정!$D$28)^(D63-1),0) -> 22 | H63: =IF(G63=0,0,E63/G63) -> 9.9090909 | I63: =COUNTIF(설정!$C$34:$C$39,"<="&MAX(1,C63-설정!$E$28)) -> 3 | J63: =MIN(I63,MAX(1,COUNTIF(설정!$B$15:$B$20,"<="&H63))) -> 2 | K63: =IF(J63<I63,J63+1,J63) -> 3 | L63: =INDEX(설정!$B$15:$B$20,J63) -> 5 | M63: =INDEX(설정!$B$15:$B$20,K63) -> 25 | N63: =IF(K63=J63,0,MIN(G63,MAX(0,ROUND((E63-G63*L63)/(M63-L63),0)))) -> 5 | O63: =IF(K63=J63,ROUND(E63/L63,0),G63-N63) -> 17 | P63: =IF($K63=6,$N63,0)+IF($J63=6,$O63,0) -> 0 | Q63: =IF($K63=5,$N63,0)+IF($J63=5,$O63,0) -> 0 | R63: =IF($K63=4,$N63,0)+IF($J63=4,$O63,0) -> 0 | S63: =IF($K63=3,$N63,0)+IF($J63=3,$O63,0) -> 5 | T63: =IF($K63=2,$N63,0)+IF($J63=2,$O63,0) -> 17 | U63: =IF($K63=1,$N63,0)+IF($J63=1,$O63,0) -> 0 | V63: =SUM(P63:U63) -> 22 | W63: =SUMPRODUCT(P63:U63,$P$3:$U$3) -> 210 | X63: =IF(E63=0,0,W63/E63-1) -> -0.036697248 | Y63: =INDEX(설정!$A$15:$A$20,IF(N63*M63>=O63*L63,K63,J63)) -> 사파이어 | Z63: =SUMIFS('드랍 구성'!$K$5:$K$102,'드랍 구성'!$A$5:$A$102,B63,'드랍 구성'!$B$5:$B$102,A63) -> 14 | AA63: =IF(A62<>A63,"-",V63-V62) -> 1 | AB63: =W63*F63 -> 210
A64: 랜드마크 | B64: ='스테이지별 골드'!C12 -> 2-4 | C64: =MATCH(B64,'스테이지별 골드'!$C$5:$C$32,0) -> 8 | D64: =INT((C64-1)/4)+1 -> 2 | E64: ='스테이지별 골드'!L12 -> 330 | F64: ='스테이지별 골드'!F12 -> 1 | G64: =ROUND(설정!$B$28*(1+설정!$C$28)^(C64-1)*(1+설정!$D$28)^(D64-1),0) -> 23 | H64: =IF(G64=0,0,E64/G64) -> 14.347826 | I64: =COUNTIF(설정!$C$34:$C$39,"<="&MAX(1,C64-설정!$E$28)) -> 3 | J64: =MIN(I64,MAX(1,COUNTIF(설정!$B$15:$B$20,"<="&H64))) -> 2 | K64: =IF(J64<I64,J64+1,J64) -> 3 | L64: =INDEX(설정!$B$15:$B$20,J64) -> 5 | M64: =INDEX(설정!$B$15:$B$20,K64) -> 25 | N64: =IF(K64=J64,0,MIN(G64,MAX(0,ROUND((E64-G64*L64)/(M64-L64),0)))) -> 11 | O64: =IF(K64=J64,ROUND(E64/L64,0),G64-N64) -> 12 | P64: =IF($K64=6,$N64,0)+IF($J64=6,$O64,0) -> 0 | Q64: =IF($K64=5,$N64,0)+IF($J64=5,$O64,0) -> 0 | R64: =IF($K64=4,$N64,0)+IF($J64=4,$O64,0) -> 0 | S64: =IF($K64=3,$N64,0)+IF($J64=3,$O64,0) -> 11 | T64: =IF($K64=2,$N64,0)+IF($J64=2,$O64,0) -> 12 | U64: =IF($K64=1,$N64,0)+IF($J64=1,$O64,0) -> 0 | V64: =SUM(P64:U64) -> 23 | W64: =SUMPRODUCT(P64:U64,$P$3:$U$3) -> 335 | X64: =IF(E64=0,0,W64/E64-1) -> 0.015151515 | Y64: =INDEX(설정!$A$15:$A$20,IF(N64*M64>=O64*L64,K64,J64)) -> 사파이어 | Z64: =SUMIFS('드랍 구성'!$K$5:$K$102,'드랍 구성'!$A$5:$A$102,B64,'드랍 구성'!$B$5:$B$102,A64) -> 14 | AA64: =IF(A63<>A64,"-",V64-V63) -> 1 | AB64: =W64*F64 -> 335
A65: 랜드마크 | B65: ='스테이지별 골드'!C14 -> 3-2 | C65: =MATCH(B65,'스테이지별 골드'!$C$5:$C$32,0) -> 10 | D65: =INT((C65-1)/4)+1 -> 3 | E65: ='스테이지별 골드'!L14 -> 495 | F65: ='스테이지별 골드'!F14 -> 1 | G65: =ROUND(설정!$B$28*(1+설정!$C$28)^(C65-1)*(1+설정!$D$28)^(D65-1),0) -> 25 | H65: =IF(G65=0,0,E65/G65) -> 19.8 | I65: =COUNTIF(설정!$C$34:$C$39,"<="&MAX(1,C65-설정!$E$28)) -> 3 | J65: =MIN(I65,MAX(1,COUNTIF(설정!$B$15:$B$20,"<="&H65))) -> 2 | K65: =IF(J65<I65,J65+1,J65) -> 3 | L65: =INDEX(설정!$B$15:$B$20,J65) -> 5 | M65: =INDEX(설정!$B$15:$B$20,K65) -> 25 | N65: =IF(K65=J65,0,MIN(G65,MAX(0,ROUND((E65-G65*L65)/(M65-L65),0)))) -> 19 | O65: =IF(K65=J65,ROUND(E65/L65,0),G65-N65) -> 6 | P65: =IF($K65=6,$N65,0)+IF($J65=6,$O65,0) -> 0 | Q65: =IF($K65=5,$N65,0)+IF($J65=5,$O65,0) -> 0 | R65: =IF($K65=4,$N65,0)+IF($J65=4,$O65,0) -> 0 | S65: =IF($K65=3,$N65,0)+IF($J65=3,$O65,0) -> 19 | T65: =IF($K65=2,$N65,0)+IF($J65=2,$O65,0) -> 6 | U65: =IF($K65=1,$N65,0)+IF($J65=1,$O65,0) -> 0 | V65: =SUM(P65:U65) -> 25 | W65: =SUMPRODUCT(P65:U65,$P$3:$U$3) -> 505 | X65: =IF(E65=0,0,W65/E65-1) -> 0.02020202 | Y65: =INDEX(설정!$A$15:$A$20,IF(N65*M65>=O65*L65,K65,J65)) -> 사파이어 | Z65: =SUMIFS('드랍 구성'!$K$5:$K$102,'드랍 구성'!$A$5:$A$102,B65,'드랍 구성'!$B$5:$B$102,A65) -> 23 | AA65: =IF(A64<>A65,"-",V65-V64) -> 2 | AB65: =W65*F65 -> 505
A66: 랜드마크 | B66: ='스테이지별 골드'!C16 -> 3-4 | C66: =MATCH(B66,'스테이지별 골드'!$C$5:$C$32,0) -> 12 | D66: =INT((C66-1)/4)+1 -> 3 | E66: ='스테이지별 골드'!L16 -> 750 | F66: ='스테이지별 골드'!F16 -> 1 | G66: =ROUND(설정!$B$28*(1+설정!$C$28)^(C66-1)*(1+설정!$D$28)^(D66-1),0) -> 25 | H66: =IF(G66=0,0,E66/G66) -> 30 | I66: =COUNTIF(설정!$C$34:$C$39,"<="&MAX(1,C66-설정!$E$28)) -> 4 | J66: =MIN(I66,MAX(1,COUNTIF(설정!$B$15:$B$20,"<="&H66))) -> 3 | K66: =IF(J66<I66,J66+1,J66) -> 4 | L66: =INDEX(설정!$B$15:$B$20,J66) -> 25 | M66: =INDEX(설정!$B$15:$B$20,K66) -> 100 | N66: =IF(K66=J66,0,MIN(G66,MAX(0,ROUND((E66-G66*L66)/(M66-L66),0)))) -> 2 | O66: =IF(K66=J66,ROUND(E66/L66,0),G66-N66) -> 23 | P66: =IF($K66=6,$N66,0)+IF($J66=6,$O66,0) -> 0 | Q66: =IF($K66=5,$N66,0)+IF($J66=5,$O66,0) -> 0 | R66: =IF($K66=4,$N66,0)+IF($J66=4,$O66,0) -> 2 | S66: =IF($K66=3,$N66,0)+IF($J66=3,$O66,0) -> 23 | T66: =IF($K66=2,$N66,0)+IF($J66=2,$O66,0) -> 0 | U66: =IF($K66=1,$N66,0)+IF($J66=1,$O66,0) -> 0 | V66: =SUM(P66:U66) -> 25 | W66: =SUMPRODUCT(P66:U66,$P$3:$U$3) -> 775 | X66: =IF(E66=0,0,W66/E66-1) -> 0.033333333 | Y66: =INDEX(설정!$A$15:$A$20,IF(N66*M66>=O66*L66,K66,J66)) -> 사파이어 | Z66: =SUMIFS('드랍 구성'!$K$5:$K$102,'드랍 구성'!$A$5:$A$102,B66,'드랍 구성'!$B$5:$B$102,A66) -> 9 | AA66: =IF(A65<>A66,"-",V66-V65) -> 0 | AB66: =W66*F66 -> 775
A67: 랜드마크 | B67: ='스테이지별 골드'!C18 -> 4-2 | C67: =MATCH(B67,'스테이지별 골드'!$C$5:$C$32,0) -> 14 | D67: =INT((C67-1)/4)+1 -> 4 | E67: ='스테이지별 골드'!L18 -> 1125 | F67: ='스테이지별 골드'!F18 -> 1 | G67: =ROUND(설정!$B$28*(1+설정!$C$28)^(C67-1)*(1+설정!$D$28)^(D67-1),0) -> 27 | H67: =IF(G67=0,0,E67/G67) -> 41.666667 | I67: =COUNTIF(설정!$C$34:$C$39,"<="&MAX(1,C67-설정!$E$28)) -> 4 | J67: =MIN(I67,MAX(1,COUNTIF(설정!$B$15:$B$20,"<="&H67))) -> 3 | K67: =IF(J67<I67,J67+1,J67) -> 4 | L67: =INDEX(설정!$B$15:$B$20,J67) -> 25 | M67: =INDEX(설정!$B$15:$B$20,K67) -> 100 | N67: =IF(K67=J67,0,MIN(G67,MAX(0,ROUND((E67-G67*L67)/(M67-L67),0)))) -> 6 | O67: =IF(K67=J67,ROUND(E67/L67,0),G67-N67) -> 21 | P67: =IF($K67=6,$N67,0)+IF($J67=6,$O67,0) -> 0 | Q67: =IF($K67=5,$N67,0)+IF($J67=5,$O67,0) -> 0 | R67: =IF($K67=4,$N67,0)+IF($J67=4,$O67,0) -> 6 | S67: =IF($K67=3,$N67,0)+IF($J67=3,$O67,0) -> 21 | T67: =IF($K67=2,$N67,0)+IF($J67=2,$O67,0) -> 0 | U67: =IF($K67=1,$N67,0)+IF($J67=1,$O67,0) -> 0 | V67: =SUM(P67:U67) -> 27 | W67: =SUMPRODUCT(P67:U67,$P$3:$U$3) -> 1125 | X67: =IF(E67=0,0,W67/E67-1) -> 0 | Y67: =INDEX(설정!$A$15:$A$20,IF(N67*M67>=O67*L67,K67,J67)) -> 루비 | Z67: =SUMIFS('드랍 구성'!$K$5:$K$102,'드랍 구성'!$A$5:$A$102,B67,'드랍 구성'!$B$5:$B$102,A67) -> 12 | AA67: =IF(A66<>A67,"-",V67-V66) -> 2 | AB67: =W67*F67 -> 1125
A68: 랜드마크 | B68: ='스테이지별 골드'!C20 -> 4-4 | C68: =MATCH(B68,'스테이지별 골드'!$C$5:$C$32,0) -> 16 | D68: =INT((C68-1)/4)+1 -> 4 | E68: ='스테이지별 골드'!L20 -> 1688 | F68: ='스테이지별 골드'!F20 -> 1 | G68: =ROUND(설정!$B$28*(1+설정!$C$28)^(C68-1)*(1+설정!$D$28)^(D68-1),0) -> 28 | H68: =IF(G68=0,0,E68/G68) -> 60.285714 | I68: =COUNTIF(설정!$C$34:$C$39,"<="&MAX(1,C68-설정!$E$28)) -> 4 | J68: =MIN(I68,MAX(1,COUNTIF(설정!$B$15:$B$20,"<="&H68))) -> 3 | K68: =IF(J68<I68,J68+1,J68) -> 4 | L68: =INDEX(설정!$B$15:$B$20,J68) -> 25 | M68: =INDEX(설정!$B$15:$B$20,K68) -> 100 | N68: =IF(K68=J68,0,MIN(G68,MAX(0,ROUND((E68-G68*L68)/(M68-L68),0)))) -> 13 | O68: =IF(K68=J68,ROUND(E68/L68,0),G68-N68) -> 15 | P68: =IF($K68=6,$N68,0)+IF($J68=6,$O68,0) -> 0 | Q68: =IF($K68=5,$N68,0)+IF($J68=5,$O68,0) -> 0 | R68: =IF($K68=4,$N68,0)+IF($J68=4,$O68,0) -> 13 | S68: =IF($K68=3,$N68,0)+IF($J68=3,$O68,0) -> 15 | T68: =IF($K68=2,$N68,0)+IF($J68=2,$O68,0) -> 0 | U68: =IF($K68=1,$N68,0)+IF($J68=1,$O68,0) -> 0 | V68: =SUM(P68:U68) -> 28 | W68: =SUMPRODUCT(P68:U68,$P$3:$U$3) -> 1675 | X68: =IF(E68=0,0,W68/E68-1) -> -0.0077014218 | Y68: =INDEX(설정!$A$15:$A$20,IF(N68*M68>=O68*L68,K68,J68)) -> 루비 | Z68: =SUMIFS('드랍 구성'!$K$5:$K$102,'드랍 구성'!$A$5:$A$102,B68,'드랍 구성'!$B$5:$B$102,A68) -> 24 | AA68: =IF(A67<>A68,"-",V68-V67) -> 1 | AB68: =W68*F68 -> 1675
A69: 랜드마크 | B69: ='스테이지별 골드'!C22 -> 5-2 | C69: =MATCH(B69,'스테이지별 골드'!$C$5:$C$32,0) -> 18 | D69: =INT((C69-1)/4)+1 -> 5 | E69: ='스테이지별 골드'!L22 -> 2550 | F69: ='스테이지별 골드'!F22 -> 1 | G69: =ROUND(설정!$B$28*(1+설정!$C$28)^(C69-1)*(1+설정!$D$28)^(D69-1),0) -> 30 | H69: =IF(G69=0,0,E69/G69) -> 85 | I69: =COUNTIF(설정!$C$34:$C$39,"<="&MAX(1,C69-설정!$E$28)) -> 4 | J69: =MIN(I69,MAX(1,COUNTIF(설정!$B$15:$B$20,"<="&H69))) -> 3 | K69: =IF(J69<I69,J69+1,J69) -> 4 | L69: =INDEX(설정!$B$15:$B$20,J69) -> 25 | M69: =INDEX(설정!$B$15:$B$20,K69) -> 100 | N69: =IF(K69=J69,0,MIN(G69,MAX(0,ROUND((E69-G69*L69)/(M69-L69),0)))) -> 24 | O69: =IF(K69=J69,ROUND(E69/L69,0),G69-N69) -> 6 | P69: =IF($K69=6,$N69,0)+IF($J69=6,$O69,0) -> 0 | Q69: =IF($K69=5,$N69,0)+IF($J69=5,$O69,0) -> 0 | R69: =IF($K69=4,$N69,0)+IF($J69=4,$O69,0) -> 24 | S69: =IF($K69=3,$N69,0)+IF($J69=3,$O69,0) -> 6 | T69: =IF($K69=2,$N69,0)+IF($J69=2,$O69,0) -> 0 | U69: =IF($K69=1,$N69,0)+IF($J69=1,$O69,0) -> 0 | V69: =SUM(P69:U69) -> 30 | W69: =SUMPRODUCT(P69:U69,$P$3:$U$3) -> 2550 | X69: =IF(E69=0,0,W69/E69-1) -> 0 | Y69: =INDEX(설정!$A$15:$A$20,IF(N69*M69>=O69*L69,K69,J69)) -> 루비 | Z69: =SUMIFS('드랍 구성'!$K$5:$K$102,'드랍 구성'!$A$5:$A$102,B69,'드랍 구성'!$B$5:$B$102,A69) -> 7 | AA69: =IF(A68<>A69,"-",V69-V68) -> 2 | AB69: =W69*F69 -> 2550
A70: 랜드마크 | B70: ='스테이지별 골드'!C24 -> 5-4 | C70: =MATCH(B70,'스테이지별 골드'!$C$5:$C$32,0) -> 20 | D70: =INT((C70-1)/4)+1 -> 5 | E70: ='스테이지별 골드'!L24 -> 3825 | F70: ='스테이지별 골드'!F24 -> 1 | G70: =ROUND(설정!$B$28*(1+설정!$C$28)^(C70-1)*(1+설정!$D$28)^(D70-1),0) -> 30 | H70: =IF(G70=0,0,E70/G70) -> 127.5 | I70: =COUNTIF(설정!$C$34:$C$39,"<="&MAX(1,C70-설정!$E$28)) -> 5 | J70: =MIN(I70,MAX(1,COUNTIF(설정!$B$15:$B$20,"<="&H70))) -> 4 | K70: =IF(J70<I70,J70+1,J70) -> 5 | L70: =INDEX(설정!$B$15:$B$20,J70) -> 100 | M70: =INDEX(설정!$B$15:$B$20,K70) -> 500 | N70: =IF(K70=J70,0,MIN(G70,MAX(0,ROUND((E70-G70*L70)/(M70-L70),0)))) -> 2 | O70: =IF(K70=J70,ROUND(E70/L70,0),G70-N70) -> 28 | P70: =IF($K70=6,$N70,0)+IF($J70=6,$O70,0) -> 0 | Q70: =IF($K70=5,$N70,0)+IF($J70=5,$O70,0) -> 2 | R70: =IF($K70=4,$N70,0)+IF($J70=4,$O70,0) -> 28 | S70: =IF($K70=3,$N70,0)+IF($J70=3,$O70,0) -> 0 | T70: =IF($K70=2,$N70,0)+IF($J70=2,$O70,0) -> 0 | U70: =IF($K70=1,$N70,0)+IF($J70=1,$O70,0) -> 0 | V70: =SUM(P70:U70) -> 30 | W70: =SUMPRODUCT(P70:U70,$P$3:$U$3) -> 3800 | X70: =IF(E70=0,0,W70/E70-1) -> -0.0065359477 | Y70: =INDEX(설정!$A$15:$A$20,IF(N70*M70>=O70*L70,K70,J70)) -> 루비 | Z70: =SUMIFS('드랍 구성'!$K$5:$K$102,'드랍 구성'!$A$5:$A$102,B70,'드랍 구성'!$B$5:$B$102,A70) -> 11 | AA70: =IF(A69<>A70,"-",V70-V69) -> 0 | AB70: =W70*F70 -> 3800
A71: 랜드마크 | B71: ='스테이지별 골드'!C26 -> 6-2 | C71: =MATCH(B71,'스테이지별 골드'!$C$5:$C$32,0) -> 22 | D71: =INT((C71-1)/4)+1 -> 6 | E71: ='스테이지별 골드'!L26 -> 5775 | F71: ='스테이지별 골드'!F26 -> 1 | G71: =ROUND(설정!$B$28*(1+설정!$C$28)^(C71-1)*(1+설정!$D$28)^(D71-1),0) -> 33 | H71: =IF(G71=0,0,E71/G71) -> 175 | I71: =COUNTIF(설정!$C$34:$C$39,"<="&MAX(1,C71-설정!$E$28)) -> 5 | J71: =MIN(I71,MAX(1,COUNTIF(설정!$B$15:$B$20,"<="&H71))) -> 4 | K71: =IF(J71<I71,J71+1,J71) -> 5 | L71: =INDEX(설정!$B$15:$B$20,J71) -> 100 | M71: =INDEX(설정!$B$15:$B$20,K71) -> 500 | N71: =IF(K71=J71,0,MIN(G71,MAX(0,ROUND((E71-G71*L71)/(M71-L71),0)))) -> 6 | O71: =IF(K71=J71,ROUND(E71/L71,0),G71-N71) -> 27 | P71: =IF($K71=6,$N71,0)+IF($J71=6,$O71,0) -> 0 | Q71: =IF($K71=5,$N71,0)+IF($J71=5,$O71,0) -> 6 | R71: =IF($K71=4,$N71,0)+IF($J71=4,$O71,0) -> 27 | S71: =IF($K71=3,$N71,0)+IF($J71=3,$O71,0) -> 0 | T71: =IF($K71=2,$N71,0)+IF($J71=2,$O71,0) -> 0 | U71: =IF($K71=1,$N71,0)+IF($J71=1,$O71,0) -> 0 | V71: =SUM(P71:U71) -> 33 | W71: =SUMPRODUCT(P71:U71,$P$3:$U$3) -> 5700 | X71: =IF(E71=0,0,W71/E71-1) -> -0.012987013 | Y71: =INDEX(설정!$A$15:$A$20,IF(N71*M71>=O71*L71,K71,J71)) -> 다이아몬드 | Z71: =SUMIFS('드랍 구성'!$K$5:$K$102,'드랍 구성'!$A$5:$A$102,B71,'드랍 구성'!$B$5:$B$102,A71) -> 11 | AA71: =IF(A70<>A71,"-",V71-V70) -> 3 | AB71: =W71*F71 -> 5700
A72: 랜드마크 | B72: ='스테이지별 골드'!C28 -> 6-4 | C72: =MATCH(B72,'스테이지별 골드'!$C$5:$C$32,0) -> 24 | D72: =INT((C72-1)/4)+1 -> 6 | E72: ='스테이지별 골드'!L28 -> 8700 | F72: ='스테이지별 골드'!F28 -> 1 | G72: =ROUND(설정!$B$28*(1+설정!$C$28)^(C72-1)*(1+설정!$D$28)^(D72-1),0) -> 34 | H72: =IF(G72=0,0,E72/G72) -> 255.88235 | I72: =COUNTIF(설정!$C$34:$C$39,"<="&MAX(1,C72-설정!$E$28)) -> 5 | J72: =MIN(I72,MAX(1,COUNTIF(설정!$B$15:$B$20,"<="&H72))) -> 4 | K72: =IF(J72<I72,J72+1,J72) -> 5 | L72: =INDEX(설정!$B$15:$B$20,J72) -> 100 | M72: =INDEX(설정!$B$15:$B$20,K72) -> 500 | N72: =IF(K72=J72,0,MIN(G72,MAX(0,ROUND((E72-G72*L72)/(M72-L72),0)))) -> 13 | O72: =IF(K72=J72,ROUND(E72/L72,0),G72-N72) -> 21 | P72: =IF($K72=6,$N72,0)+IF($J72=6,$O72,0) -> 0 | Q72: =IF($K72=5,$N72,0)+IF($J72=5,$O72,0) -> 13 | R72: =IF($K72=4,$N72,0)+IF($J72=4,$O72,0) -> 21 | S72: =IF($K72=3,$N72,0)+IF($J72=3,$O72,0) -> 0 | T72: =IF($K72=2,$N72,0)+IF($J72=2,$O72,0) -> 0 | U72: =IF($K72=1,$N72,0)+IF($J72=1,$O72,0) -> 0 | V72: =SUM(P72:U72) -> 34 | W72: =SUMPRODUCT(P72:U72,$P$3:$U$3) -> 8600 | X72: =IF(E72=0,0,W72/E72-1) -> -0.011494253 | Y72: =INDEX(설정!$A$15:$A$20,IF(N72*M72>=O72*L72,K72,J72)) -> 다이아몬드 | Z72: =SUMIFS('드랍 구성'!$K$5:$K$102,'드랍 구성'!$A$5:$A$102,B72,'드랍 구성'!$B$5:$B$102,A72) -> 11 | AA72: =IF(A71<>A72,"-",V72-V71) -> 1 | AB72: =W72*F72 -> 8600
A73: 랜드마크 | B73: ='스테이지별 골드'!C30 -> 7-2 | C73: =MATCH(B73,'스테이지별 골드'!$C$5:$C$32,0) -> 26 | D73: =INT((C73-1)/4)+1 -> 7 | E73: ='스테이지별 골드'!L30 -> 13125 | F73: ='스테이지별 골드'!F30 -> 1 | G73: =ROUND(설정!$B$28*(1+설정!$C$28)^(C73-1)*(1+설정!$D$28)^(D73-1),0) -> 36 | H73: =IF(G73=0,0,E73/G73) -> 364.58333 | I73: =COUNTIF(설정!$C$34:$C$39,"<="&MAX(1,C73-설정!$E$28)) -> 5 | J73: =MIN(I73,MAX(1,COUNTIF(설정!$B$15:$B$20,"<="&H73))) -> 4 | K73: =IF(J73<I73,J73+1,J73) -> 5 | L73: =INDEX(설정!$B$15:$B$20,J73) -> 100 | M73: =INDEX(설정!$B$15:$B$20,K73) -> 500 | N73: =IF(K73=J73,0,MIN(G73,MAX(0,ROUND((E73-G73*L73)/(M73-L73),0)))) -> 24 | O73: =IF(K73=J73,ROUND(E73/L73,0),G73-N73) -> 12 | P73: =IF($K73=6,$N73,0)+IF($J73=6,$O73,0) -> 0 | Q73: =IF($K73=5,$N73,0)+IF($J73=5,$O73,0) -> 24 | R73: =IF($K73=4,$N73,0)+IF($J73=4,$O73,0) -> 12 | S73: =IF($K73=3,$N73,0)+IF($J73=3,$O73,0) -> 0 | T73: =IF($K73=2,$N73,0)+IF($J73=2,$O73,0) -> 0 | U73: =IF($K73=1,$N73,0)+IF($J73=1,$O73,0) -> 0 | V73: =SUM(P73:U73) -> 36 | W73: =SUMPRODUCT(P73:U73,$P$3:$U$3) -> 13200 | X73: =IF(E73=0,0,W73/E73-1) -> 0.0057142857 | Y73: =INDEX(설정!$A$15:$A$20,IF(N73*M73>=O73*L73,K73,J73)) -> 다이아몬드 | Z73: =SUMIFS('드랍 구성'!$K$5:$K$102,'드랍 구성'!$A$5:$A$102,B73,'드랍 구성'!$B$5:$B$102,A73) -> 15 | AA73: =IF(A72<>A73,"-",V73-V72) -> 2 | AB73: =W73*F73 -> 13200
A74: 랜드마크 | B74: ='스테이지별 골드'!C32 -> 7-4 | C74: =MATCH(B74,'스테이지별 골드'!$C$5:$C$32,0) -> 28 | D74: =INT((C74-1)/4)+1 -> 7 | E74: ='스테이지별 골드'!L32 -> 19500 | F74: ='스테이지별 골드'!F32 -> 1 | G74: =ROUND(설정!$B$28*(1+설정!$C$28)^(C74-1)*(1+설정!$D$28)^(D74-1),0) -> 37 | H74: =IF(G74=0,0,E74/G74) -> 527.02703 | I74: =COUNTIF(설정!$C$34:$C$39,"<="&MAX(1,C74-설정!$E$28)) -> 6 | J74: =MIN(I74,MAX(1,COUNTIF(설정!$B$15:$B$20,"<="&H74))) -> 5 | K74: =IF(J74<I74,J74+1,J74) -> 6 | L74: =INDEX(설정!$B$15:$B$20,J74) -> 500 | M74: =INDEX(설정!$B$15:$B$20,K74) -> 1000 | N74: =IF(K74=J74,0,MIN(G74,MAX(0,ROUND((E74-G74*L74)/(M74-L74),0)))) -> 2 | O74: =IF(K74=J74,ROUND(E74/L74,0),G74-N74) -> 35 | P74: =IF($K74=6,$N74,0)+IF($J74=6,$O74,0) -> 2 | Q74: =IF($K74=5,$N74,0)+IF($J74=5,$O74,0) -> 35 | R74: =IF($K74=4,$N74,0)+IF($J74=4,$O74,0) -> 0 | S74: =IF($K74=3,$N74,0)+IF($J74=3,$O74,0) -> 0 | T74: =IF($K74=2,$N74,0)+IF($J74=2,$O74,0) -> 0 | U74: =IF($K74=1,$N74,0)+IF($J74=1,$O74,0) -> 0 | V74: =SUM(P74:U74) -> 37 | W74: =SUMPRODUCT(P74:U74,$P$3:$U$3) -> 19500 | X74: =IF(E74=0,0,W74/E74-1) -> 0 | Y74: =INDEX(설정!$A$15:$A$20,IF(N74*M74>=O74*L74,K74,J74)) -> 다이아몬드 | Z74: =SUMIFS('드랍 구성'!$K$5:$K$102,'드랍 구성'!$A$5:$A$102,B74,'드랍 구성'!$B$5:$B$102,A74) -> 20 | AA74: =IF(A73<>A74,"-",V74-V73) -> 1 | AB74: =W74*F74 -> 19500
A75: 황금 (보너스) | B75: ='스테이지별 골드'!C5 -> 1-1 | C75: =MATCH(B75,'스테이지별 골드'!$C$5:$C$32,0) -> 1 | D75: =INT((C75-1)/4)+1 -> 1 | E75: ='스테이지별 골드'!P5 -> 45 | F75: ='스테이지별 골드'!N5 -> 10 | G75: =ROUND(설정!$B$29*(1+설정!$C$29)^(C75-1)*(1+설정!$D$29)^(D75-1),0) -> 18 | H75: =IF(G75=0,0,E75/G75) -> 2.5 | I75: =COUNTIF(설정!$C$34:$C$39,"<="&MAX(1,C75-설정!$E$29)) -> 2 | J75: =MIN(I75,MAX(1,COUNTIF(설정!$B$15:$B$20,"<="&H75))) -> 1 | K75: =IF(J75<I75,J75+1,J75) -> 2 | L75: =INDEX(설정!$B$15:$B$20,J75) -> 1 | M75: =INDEX(설정!$B$15:$B$20,K75) -> 5 | N75: =IF(K75=J75,0,MIN(G75,MAX(0,ROUND((E75-G75*L75)/(M75-L75),0)))) -> 7 | O75: =IF(K75=J75,ROUND(E75/L75,0),G75-N75) -> 11 | P75: =IF($K75=6,$N75,0)+IF($J75=6,$O75,0) -> 0 | Q75: =IF($K75=5,$N75,0)+IF($J75=5,$O75,0) -> 0 | R75: =IF($K75=4,$N75,0)+IF($J75=4,$O75,0) -> 0 | S75: =IF($K75=3,$N75,0)+IF($J75=3,$O75,0) -> 0 | T75: =IF($K75=2,$N75,0)+IF($J75=2,$O75,0) -> 7 | U75: =IF($K75=1,$N75,0)+IF($J75=1,$O75,0) -> 11 | V75: =SUM(P75:U75) -> 18 | W75: =SUMPRODUCT(P75:U75,$P$3:$U$3) -> 46 | X75: =IF(E75=0,0,W75/E75-1) -> 0.022222222 | Y75: =INDEX(설정!$A$15:$A$20,IF(N75*M75>=O75*L75,K75,J75)) -> 금괴 | Z75: =SUMIFS('드랍 구성'!$K$5:$K$102,'드랍 구성'!$A$5:$A$102,B75,'드랍 구성'!$B$5:$B$102,A75) -> 9 | AA75: =IF(A74<>A75,"-",V75-V74) -> - | AB75: =W75*F75 -> 460
A76: 황금 (보너스) | B76: ='스테이지별 골드'!C6 -> 1-2 | C76: =MATCH(B76,'스테이지별 골드'!$C$5:$C$32,0) -> 2 | D76: =INT((C76-1)/4)+1 -> 1 | E76: ='스테이지별 골드'!P6 -> 56 | F76: ='스테이지별 골드'!N6 -> 10 | G76: =ROUND(설정!$B$29*(1+설정!$C$29)^(C76-1)*(1+설정!$D$29)^(D76-1),0) -> 18 | H76: =IF(G76=0,0,E76/G76) -> 3.1111111 | I76: =COUNTIF(설정!$C$34:$C$39,"<="&MAX(1,C76-설정!$E$29)) -> 2 | J76: =MIN(I76,MAX(1,COUNTIF(설정!$B$15:$B$20,"<="&H76))) -> 1 | K76: =IF(J76<I76,J76+1,J76) -> 2 | L76: =INDEX(설정!$B$15:$B$20,J76) -> 1 | M76: =INDEX(설정!$B$15:$B$20,K76) -> 5 | N76: =IF(K76=J76,0,MIN(G76,MAX(0,ROUND((E76-G76*L76)/(M76-L76),0)))) -> 10 | O76: =IF(K76=J76,ROUND(E76/L76,0),G76-N76) -> 8 | P76: =IF($K76=6,$N76,0)+IF($J76=6,$O76,0) -> 0 | Q76: =IF($K76=5,$N76,0)+IF($J76=5,$O76,0) -> 0 | R76: =IF($K76=4,$N76,0)+IF($J76=4,$O76,0) -> 0 | S76: =IF($K76=3,$N76,0)+IF($J76=3,$O76,0) -> 0 | T76: =IF($K76=2,$N76,0)+IF($J76=2,$O76,0) -> 10 | U76: =IF($K76=1,$N76,0)+IF($J76=1,$O76,0) -> 8 | V76: =SUM(P76:U76) -> 18 | W76: =SUMPRODUCT(P76:U76,$P$3:$U$3) -> 58 | X76: =IF(E76=0,0,W76/E76-1) -> 0.035714286 | Y76: =INDEX(설정!$A$15:$A$20,IF(N76*M76>=O76*L76,K76,J76)) -> 금괴 | Z76: =SUMIFS('드랍 구성'!$K$5:$K$102,'드랍 구성'!$A$5:$A$102,B76,'드랍 구성'!$B$5:$B$102,A76) -> 12 | AA76: =IF(A75<>A76,"-",V76-V75) -> 0 | AB76: =W76*F76 -> 580
A77: 황금 (보너스) | B77: ='스테이지별 골드'!C7 -> 1-3 | C77: =MATCH(B77,'스테이지별 골드'!$C$5:$C$32,0) -> 3 | D77: =INT((C77-1)/4)+1 -> 1 | E77: ='스테이지별 골드'!P7 -> 68 | F77: ='스테이지별 골드'!N7 -> 11 | G77: =ROUND(설정!$B$29*(1+설정!$C$29)^(C77-1)*(1+설정!$D$29)^(D77-1),0) -> 19 | H77: =IF(G77=0,0,E77/G77) -> 3.5789474 | I77: =COUNTIF(설정!$C$34:$C$39,"<="&MAX(1,C77-설정!$E$29)) -> 2 | J77: =MIN(I77,MAX(1,COUNTIF(설정!$B$15:$B$20,"<="&H77))) -> 1 | K77: =IF(J77<I77,J77+1,J77) -> 2 | L77: =INDEX(설정!$B$15:$B$20,J77) -> 1 | M77: =INDEX(설정!$B$15:$B$20,K77) -> 5 | N77: =IF(K77=J77,0,MIN(G77,MAX(0,ROUND((E77-G77*L77)/(M77-L77),0)))) -> 12 | O77: =IF(K77=J77,ROUND(E77/L77,0),G77-N77) -> 7 | P77: =IF($K77=6,$N77,0)+IF($J77=6,$O77,0) -> 0 | Q77: =IF($K77=5,$N77,0)+IF($J77=5,$O77,0) -> 0 | R77: =IF($K77=4,$N77,0)+IF($J77=4,$O77,0) -> 0 | S77: =IF($K77=3,$N77,0)+IF($J77=3,$O77,0) -> 0 | T77: =IF($K77=2,$N77,0)+IF($J77=2,$O77,0) -> 12 | U77: =IF($K77=1,$N77,0)+IF($J77=1,$O77,0) -> 7 | V77: =SUM(P77:U77) -> 19 | W77: =SUMPRODUCT(P77:U77,$P$3:$U$3) -> 67 | X77: =IF(E77=0,0,W77/E77-1) -> -0.014705882 | Y77: =INDEX(설정!$A$15:$A$20,IF(N77*M77>=O77*L77,K77,J77)) -> 금괴 | Z77: =SUMIFS('드랍 구성'!$K$5:$K$102,'드랍 구성'!$A$5:$A$102,B77,'드랍 구성'!$B$5:$B$102,A77) -> 16 | AA77: =IF(A76<>A77,"-",V77-V76) -> 1 | AB77: =W77*F77 -> 737
A78: 황금 (보너스) | B78: ='스테이지별 골드'!C8 -> 1-4 | C78: =MATCH(B78,'스테이지별 골드'!$C$5:$C$32,0) -> 4 | D78: =INT((C78-1)/4)+1 -> 1 | E78: ='스테이지별 골드'!P8 -> 86 | F78: ='스테이지별 골드'!N8 -> 11 | G78: =ROUND(설정!$B$29*(1+설정!$C$29)^(C78-1)*(1+설정!$D$29)^(D78-1),0) -> 19 | H78: =IF(G78=0,0,E78/G78) -> 4.5263158 | I78: =COUNTIF(설정!$C$34:$C$39,"<="&MAX(1,C78-설정!$E$29)) -> 3 | J78: =MIN(I78,MAX(1,COUNTIF(설정!$B$15:$B$20,"<="&H78))) -> 1 | K78: =IF(J78<I78,J78+1,J78) -> 2 | L78: =INDEX(설정!$B$15:$B$20,J78) -> 1 | M78: =INDEX(설정!$B$15:$B$20,K78) -> 5 | N78: =IF(K78=J78,0,MIN(G78,MAX(0,ROUND((E78-G78*L78)/(M78-L78),0)))) -> 17 | O78: =IF(K78=J78,ROUND(E78/L78,0),G78-N78) -> 2 | P78: =IF($K78=6,$N78,0)+IF($J78=6,$O78,0) -> 0 | Q78: =IF($K78=5,$N78,0)+IF($J78=5,$O78,0) -> 0 | R78: =IF($K78=4,$N78,0)+IF($J78=4,$O78,0) -> 0 | S78: =IF($K78=3,$N78,0)+IF($J78=3,$O78,0) -> 0 | T78: =IF($K78=2,$N78,0)+IF($J78=2,$O78,0) -> 17 | U78: =IF($K78=1,$N78,0)+IF($J78=1,$O78,0) -> 2 | V78: =SUM(P78:U78) -> 19 | W78: =SUMPRODUCT(P78:U78,$P$3:$U$3) -> 87 | X78: =IF(E78=0,0,W78/E78-1) -> 0.011627907 | Y78: =INDEX(설정!$A$15:$A$20,IF(N78*M78>=O78*L78,K78,J78)) -> 금괴 | Z78: =SUMIFS('드랍 구성'!$K$5:$K$102,'드랍 구성'!$A$5:$A$102,B78,'드랍 구성'!$B$5:$B$102,A78) -> 18 | AA78: =IF(A77<>A78,"-",V78-V77) -> 0 | AB78: =W78*F78 -> 957
A79: 황금 (보너스) | B79: ='스테이지별 골드'!C9 -> 2-1 | C79: =MATCH(B79,'스테이지별 골드'!$C$5:$C$32,0) -> 5 | D79: =INT((C79-1)/4)+1 -> 2 | E79: ='스테이지별 골드'!P9 -> 104 | F79: ='스테이지별 골드'!N9 -> 12 | G79: =ROUND(설정!$B$29*(1+설정!$C$29)^(C79-1)*(1+설정!$D$29)^(D79-1),0) -> 21 | H79: =IF(G79=0,0,E79/G79) -> 4.952381 | I79: =COUNTIF(설정!$C$34:$C$39,"<="&MAX(1,C79-설정!$E$29)) -> 3 | J79: =MIN(I79,MAX(1,COUNTIF(설정!$B$15:$B$20,"<="&H79))) -> 1 | K79: =IF(J79<I79,J79+1,J79) -> 2 | L79: =INDEX(설정!$B$15:$B$20,J79) -> 1 | M79: =INDEX(설정!$B$15:$B$20,K79) -> 5 | N79: =IF(K79=J79,0,MIN(G79,MAX(0,ROUND((E79-G79*L79)/(M79-L79),0)))) -> 21 | O79: =IF(K79=J79,ROUND(E79/L79,0),G79-N79) -> 0 | P79: =IF($K79=6,$N79,0)+IF($J79=6,$O79,0) -> 0 | Q79: =IF($K79=5,$N79,0)+IF($J79=5,$O79,0) -> 0 | R79: =IF($K79=4,$N79,0)+IF($J79=4,$O79,0) -> 0 | S79: =IF($K79=3,$N79,0)+IF($J79=3,$O79,0) -> 0 | T79: =IF($K79=2,$N79,0)+IF($J79=2,$O79,0) -> 21 | U79: =IF($K79=1,$N79,0)+IF($J79=1,$O79,0) -> 0 | V79: =SUM(P79:U79) -> 21 | W79: =SUMPRODUCT(P79:U79,$P$3:$U$3) -> 105 | X79: =IF(E79=0,0,W79/E79-1) -> 0.0096153846 | Y79: =INDEX(설정!$A$15:$A$20,IF(N79*M79>=O79*L79,K79,J79)) -> 금괴 | Z79: =SUMIFS('드랍 구성'!$K$5:$K$102,'드랍 구성'!$A$5:$A$102,B79,'드랍 구성'!$B$5:$B$102,A79) -> 24 | AA79: =IF(A78<>A79,"-",V79-V78) -> 2 | AB79: =W79*F79 -> 1260
A80: 황금 (보너스) | B80: ='스테이지별 골드'!C10 -> 2-2 | C80: =MATCH(B80,'스테이지별 골드'!$C$5:$C$32,0) -> 6 | D80: =INT((C80-1)/4)+1 -> 2 | E80: ='스테이지별 골드'!P10 -> 131 | F80: ='스테이지별 골드'!N10 -> 12 | G80: =ROUND(설정!$B$29*(1+설정!$C$29)^(C80-1)*(1+설정!$D$29)^(D80-1),0) -> 21 | H80: =IF(G80=0,0,E80/G80) -> 6.2380952 | I80: =COUNTIF(설정!$C$34:$C$39,"<="&MAX(1,C80-설정!$E$29)) -> 3 | J80: =MIN(I80,MAX(1,COUNTIF(설정!$B$15:$B$20,"<="&H80))) -> 2 | K80: =IF(J80<I80,J80+1,J80) -> 3 | L80: =INDEX(설정!$B$15:$B$20,J80) -> 5 | M80: =INDEX(설정!$B$15:$B$20,K80) -> 25 | N80: =IF(K80=J80,0,MIN(G80,MAX(0,ROUND((E80-G80*L80)/(M80-L80),0)))) -> 1 | O80: =IF(K80=J80,ROUND(E80/L80,0),G80-N80) -> 20 | P80: =IF($K80=6,$N80,0)+IF($J80=6,$O80,0) -> 0 | Q80: =IF($K80=5,$N80,0)+IF($J80=5,$O80,0) -> 0 | R80: =IF($K80=4,$N80,0)+IF($J80=4,$O80,0) -> 0 | S80: =IF($K80=3,$N80,0)+IF($J80=3,$O80,0) -> 1 | T80: =IF($K80=2,$N80,0)+IF($J80=2,$O80,0) -> 20 | U80: =IF($K80=1,$N80,0)+IF($J80=1,$O80,0) -> 0 | V80: =SUM(P80:U80) -> 21 | W80: =SUMPRODUCT(P80:U80,$P$3:$U$3) -> 125 | X80: =IF(E80=0,0,W80/E80-1) -> -0.045801527 | Y80: =INDEX(설정!$A$15:$A$20,IF(N80*M80>=O80*L80,K80,J80)) -> 금괴 | Z80: =SUMIFS('드랍 구성'!$K$5:$K$102,'드랍 구성'!$A$5:$A$102,B80,'드랍 구성'!$B$5:$B$102,A80) -> 7 | AA80: =IF(A79<>A80,"-",V80-V79) -> 0 | AB80: =W80*F80 -> 1500
A81: 황금 (보너스) | B81: ='스테이지별 골드'!C11 -> 2-3 | C81: =MATCH(B81,'스테이지별 골드'!$C$5:$C$32,0) -> 7 | D81: =INT((C81-1)/4)+1 -> 2 | E81: ='스테이지별 골드'!P11 -> 158 | F81: ='스테이지별 골드'!N11 -> 13 | G81: =ROUND(설정!$B$29*(1+설정!$C$29)^(C81-1)*(1+설정!$D$29)^(D81-1),0) -> 21 | H81: =IF(G81=0,0,E81/G81) -> 7.5238095 | I81: =COUNTIF(설정!$C$34:$C$39,"<="&MAX(1,C81-설정!$E$29)) -> 3 | J81: =MIN(I81,MAX(1,COUNTIF(설정!$B$15:$B$20,"<="&H81))) -> 2 | K81: =IF(J81<I81,J81+1,J81) -> 3 | L81: =INDEX(설정!$B$15:$B$20,J81) -> 5 | M81: =INDEX(설정!$B$15:$B$20,K81) -> 25 | N81: =IF(K81=J81,0,MIN(G81,MAX(0,ROUND((E81-G81*L81)/(M81-L81),0)))) -> 3 | O81: =IF(K81=J81,ROUND(E81/L81,0),G81-N81) -> 18 | P81: =IF($K81=6,$N81,0)+IF($J81=6,$O81,0) -> 0 | Q81: =IF($K81=5,$N81,0)+IF($J81=5,$O81,0) -> 0 | R81: =IF($K81=4,$N81,0)+IF($J81=4,$O81,0) -> 0 | S81: =IF($K81=3,$N81,0)+IF($J81=3,$O81,0) -> 3 | T81: =IF($K81=2,$N81,0)+IF($J81=2,$O81,0) -> 18 | U81: =IF($K81=1,$N81,0)+IF($J81=1,$O81,0) -> 0 | V81: =SUM(P81:U81) -> 21 | W81: =SUMPRODUCT(P81:U81,$P$3:$U$3) -> 165 | X81: =IF(E81=0,0,W81/E81-1) -> 0.044303797 | Y81: =INDEX(설정!$A$15:$A$20,IF(N81*M81>=O81*L81,K81,J81)) -> 금괴 | Z81: =SUMIFS('드랍 구성'!$K$5:$K$102,'드랍 구성'!$A$5:$A$102,B81,'드랍 구성'!$B$5:$B$102,A81) -> 10 | AA81: =IF(A80<>A81,"-",V81-V80) -> 0 | AB81: =W81*F81 -> 2145
A82: 황금 (보너스) | B82: ='스테이지별 골드'!C12 -> 2-4 | C82: =MATCH(B82,'스테이지별 골드'!$C$5:$C$32,0) -> 8 | D82: =INT((C82-1)/4)+1 -> 2 | E82: ='스테이지별 골드'!P12 -> 198 | F82: ='스테이지별 골드'!N12 -> 13 | G82: =ROUND(설정!$B$29*(1+설정!$C$29)^(C82-1)*(1+설정!$D$29)^(D82-1),0) -> 22 | H82: =IF(G82=0,0,E82/G82) -> 9 | I82: =COUNTIF(설정!$C$34:$C$39,"<="&MAX(1,C82-설정!$E$29)) -> 3 | J82: =MIN(I82,MAX(1,COUNTIF(설정!$B$15:$B$20,"<="&H82))) -> 2 | K82: =IF(J82<I82,J82+1,J82) -> 3 | L82: =INDEX(설정!$B$15:$B$20,J82) -> 5 | M82: =INDEX(설정!$B$15:$B$20,K82) -> 25 | N82: =IF(K82=J82,0,MIN(G82,MAX(0,ROUND((E82-G82*L82)/(M82-L82),0)))) -> 4 | O82: =IF(K82=J82,ROUND(E82/L82,0),G82-N82) -> 18 | P82: =IF($K82=6,$N82,0)+IF($J82=6,$O82,0) -> 0 | Q82: =IF($K82=5,$N82,0)+IF($J82=5,$O82,0) -> 0 | R82: =IF($K82=4,$N82,0)+IF($J82=4,$O82,0) -> 0 | S82: =IF($K82=3,$N82,0)+IF($J82=3,$O82,0) -> 4 | T82: =IF($K82=2,$N82,0)+IF($J82=2,$O82,0) -> 18 | U82: =IF($K82=1,$N82,0)+IF($J82=1,$O82,0) -> 0 | V82: =SUM(P82:U82) -> 22 | W82: =SUMPRODUCT(P82:U82,$P$3:$U$3) -> 190 | X82: =IF(E82=0,0,W82/E82-1) -> -0.04040404 | Y82: =INDEX(설정!$A$15:$A$20,IF(N82*M82>=O82*L82,K82,J82)) -> 사파이어 | Z82: =SUMIFS('드랍 구성'!$K$5:$K$102,'드랍 구성'!$A$5:$A$102,B82,'드랍 구성'!$B$5:$B$102,A82) -> 14 | AA82: =IF(A81<>A82,"-",V82-V81) -> 1 | AB82: =W82*F82 -> 2470
A83: 황금 (보너스) | B83: ='스테이지별 골드'!C13 -> 3-1 | C83: =MATCH(B83,'스테이지별 골드'!$C$5:$C$32,0) -> 9 | D83: =INT((C83-1)/4)+1 -> 3 | E83: ='스테이지별 골드'!P13 -> 239 | F83: ='스테이지별 골드'!N13 -> 14 | G83: =ROUND(설정!$B$29*(1+설정!$C$29)^(C83-1)*(1+설정!$D$29)^(D83-1),0) -> 24 | H83: =IF(G83=0,0,E83/G83) -> 9.9583333 | I83: =COUNTIF(설정!$C$34:$C$39,"<="&MAX(1,C83-설정!$E$29)) -> 3 | J83: =MIN(I83,MAX(1,COUNTIF(설정!$B$15:$B$20,"<="&H83))) -> 2 | K83: =IF(J83<I83,J83+1,J83) -> 3 | L83: =INDEX(설정!$B$15:$B$20,J83) -> 5 | M83: =INDEX(설정!$B$15:$B$20,K83) -> 25 | N83: =IF(K83=J83,0,MIN(G83,MAX(0,ROUND((E83-G83*L83)/(M83-L83),0)))) -> 6 | O83: =IF(K83=J83,ROUND(E83/L83,0),G83-N83) -> 18 | P83: =IF($K83=6,$N83,0)+IF($J83=6,$O83,0) -> 0 | Q83: =IF($K83=5,$N83,0)+IF($J83=5,$O83,0) -> 0 | R83: =IF($K83=4,$N83,0)+IF($J83=4,$O83,0) -> 0 | S83: =IF($K83=3,$N83,0)+IF($J83=3,$O83,0) -> 6 | T83: =IF($K83=2,$N83,0)+IF($J83=2,$O83,0) -> 18 | U83: =IF($K83=1,$N83,0)+IF($J83=1,$O83,0) -> 0 | V83: =SUM(P83:U83) -> 24 | W83: =SUMPRODUCT(P83:U83,$P$3:$U$3) -> 240 | X83: =IF(E83=0,0,W83/E83-1) -> 0.0041841004 | Y83: =INDEX(설정!$A$15:$A$20,IF(N83*M83>=O83*L83,K83,J83)) -> 사파이어 | Z83: =SUMIFS('드랍 구성'!$K$5:$K$102,'드랍 구성'!$A$5:$A$102,B83,'드랍 구성'!$B$5:$B$102,A83) -> 15 | AA83: =IF(A82<>A83,"-",V83-V82) -> 2 | AB83: =W83*F83 -> 3360
A84: 황금 (보너스) | B84: ='스테이지별 골드'!C14 -> 3-2 | C84: =MATCH(B84,'스테이지별 골드'!$C$5:$C$32,0) -> 10 | D84: =INT((C84-1)/4)+1 -> 3 | E84: ='스테이지별 골드'!P14 -> 297 | F84: ='스테이지별 골드'!N14 -> 14 | G84: =ROUND(설정!$B$29*(1+설정!$C$29)^(C84-1)*(1+설정!$D$29)^(D84-1),0) -> 24 | H84: =IF(G84=0,0,E84/G84) -> 12.375 | I84: =COUNTIF(설정!$C$34:$C$39,"<="&MAX(1,C84-설정!$E$29)) -> 3 | J84: =MIN(I84,MAX(1,COUNTIF(설정!$B$15:$B$20,"<="&H84))) -> 2 | K84: =IF(J84<I84,J84+1,J84) -> 3 | L84: =INDEX(설정!$B$15:$B$20,J84) -> 5 | M84: =INDEX(설정!$B$15:$B$20,K84) -> 25 | N84: =IF(K84=J84,0,MIN(G84,MAX(0,ROUND((E84-G84*L84)/(M84-L84),0)))) -> 9 | O84: =IF(K84=J84,ROUND(E84/L84,0),G84-N84) -> 15 | P84: =IF($K84=6,$N84,0)+IF($J84=6,$O84,0) -> 0 | Q84: =IF($K84=5,$N84,0)+IF($J84=5,$O84,0) -> 0 | R84: =IF($K84=4,$N84,0)+IF($J84=4,$O84,0) -> 0 | S84: =IF($K84=3,$N84,0)+IF($J84=3,$O84,0) -> 9 | T84: =IF($K84=2,$N84,0)+IF($J84=2,$O84,0) -> 15 | U84: =IF($K84=1,$N84,0)+IF($J84=1,$O84,0) -> 0 | V84: =SUM(P84:U84) -> 24 | W84: =SUMPRODUCT(P84:U84,$P$3:$U$3) -> 300 | X84: =IF(E84=0,0,W84/E84-1) -> 0.01010101 | Y84: =INDEX(설정!$A$15:$A$20,IF(N84*M84>=O84*L84,K84,J84)) -> 사파이어 | Z84: =SUMIFS('드랍 구성'!$K$5:$K$102,'드랍 구성'!$A$5:$A$102,B84,'드랍 구성'!$B$5:$B$102,A84) -> 17 | AA84: =IF(A83<>A84,"-",V84-V83) -> 0 | AB84: =W84*F84 -> 4200
A85: 황금 (보너스) | B85: ='스테이지별 골드'!C15 -> 3-3 | C85: =MATCH(B85,'스테이지별 골드'!$C$5:$C$32,0) -> 11 | D85: =INT((C85-1)/4)+1 -> 3 | E85: ='스테이지별 골드'!P15 -> 360 | F85: ='스테이지별 골드'!N15 -> 15 | G85: =ROUND(설정!$B$29*(1+설정!$C$29)^(C85-1)*(1+설정!$D$29)^(D85-1),0) -> 25 | H85: =IF(G85=0,0,E85/G85) -> 14.4 | I85: =COUNTIF(설정!$C$34:$C$39,"<="&MAX(1,C85-설정!$E$29)) -> 3 | J85: =MIN(I85,MAX(1,COUNTIF(설정!$B$15:$B$20,"<="&H85))) -> 2 | K85: =IF(J85<I85,J85+1,J85) -> 3 | L85: =INDEX(설정!$B$15:$B$20,J85) -> 5 | M85: =INDEX(설정!$B$15:$B$20,K85) -> 25 | N85: =IF(K85=J85,0,MIN(G85,MAX(0,ROUND((E85-G85*L85)/(M85-L85),0)))) -> 12 | O85: =IF(K85=J85,ROUND(E85/L85,0),G85-N85) -> 13 | P85: =IF($K85=6,$N85,0)+IF($J85=6,$O85,0) -> 0 | Q85: =IF($K85=5,$N85,0)+IF($J85=5,$O85,0) -> 0 | R85: =IF($K85=4,$N85,0)+IF($J85=4,$O85,0) -> 0 | S85: =IF($K85=3,$N85,0)+IF($J85=3,$O85,0) -> 12 | T85: =IF($K85=2,$N85,0)+IF($J85=2,$O85,0) -> 13 | U85: =IF($K85=1,$N85,0)+IF($J85=1,$O85,0) -> 0 | V85: =SUM(P85:U85) -> 25 | W85: =SUMPRODUCT(P85:U85,$P$3:$U$3) -> 365 | X85: =IF(E85=0,0,W85/E85-1) -> 0.013888889 | Y85: =INDEX(설정!$A$15:$A$20,IF(N85*M85>=O85*L85,K85,J85)) -> 사파이어 | Z85: =SUMIFS('드랍 구성'!$K$5:$K$102,'드랍 구성'!$A$5:$A$102,B85,'드랍 구성'!$B$5:$B$102,A85) -> 16 | AA85: =IF(A84<>A85,"-",V85-V84) -> 1 | AB85: =W85*F85 -> 5475
A86: 황금 (보너스) | B86: ='스테이지별 골드'!C16 -> 3-4 | C86: =MATCH(B86,'스테이지별 골드'!$C$5:$C$32,0) -> 12 | D86: =INT((C86-1)/4)+1 -> 3 | E86: ='스테이지별 골드'!P16 -> 450 | F86: ='스테이지별 골드'!N16 -> 15 | G86: =ROUND(설정!$B$29*(1+설정!$C$29)^(C86-1)*(1+설정!$D$29)^(D86-1),0) -> 25 | H86: =IF(G86=0,0,E86/G86) -> 18 | I86: =COUNTIF(설정!$C$34:$C$39,"<="&MAX(1,C86-설정!$E$29)) -> 4 | J86: =MIN(I86,MAX(1,COUNTIF(설정!$B$15:$B$20,"<="&H86))) -> 2 | K86: =IF(J86<I86,J86+1,J86) -> 3 | L86: =INDEX(설정!$B$15:$B$20,J86) -> 5 | M86: =INDEX(설정!$B$15:$B$20,K86) -> 25 | N86: =IF(K86=J86,0,MIN(G86,MAX(0,ROUND((E86-G86*L86)/(M86-L86),0)))) -> 16 | O86: =IF(K86=J86,ROUND(E86/L86,0),G86-N86) -> 9 | P86: =IF($K86=6,$N86,0)+IF($J86=6,$O86,0) -> 0 | Q86: =IF($K86=5,$N86,0)+IF($J86=5,$O86,0) -> 0 | R86: =IF($K86=4,$N86,0)+IF($J86=4,$O86,0) -> 0 | S86: =IF($K86=3,$N86,0)+IF($J86=3,$O86,0) -> 16 | T86: =IF($K86=2,$N86,0)+IF($J86=2,$O86,0) -> 9 | U86: =IF($K86=1,$N86,0)+IF($J86=1,$O86,0) -> 0 | V86: =SUM(P86:U86) -> 25 | W86: =SUMPRODUCT(P86:U86,$P$3:$U$3) -> 445 | X86: =IF(E86=0,0,W86/E86-1) -> -0.011111111 | Y86: =INDEX(설정!$A$15:$A$20,IF(N86*M86>=O86*L86,K86,J86)) -> 사파이어 | Z86: =SUMIFS('드랍 구성'!$K$5:$K$102,'드랍 구성'!$A$5:$A$102,B86,'드랍 구성'!$B$5:$B$102,A86) -> 18 | AA86: =IF(A85<>A86,"-",V86-V85) -> 0 | AB86: =W86*F86 -> 6675
... A102: 황금 (보너스) | B102: ='스테이지별 골드'!C32 -> 7-4 | C102: =MATCH(B102,'스테이지별 골드'!$C$5:$C$32,0) -> 28 | D102: =INT((C102-1)/4)+1 -> 7 | E102: ='스테이지별 골드'!P32 -> 11700 | F102: ='스테이지별 골드'!N32 -> 23 | G102: =ROUND(설정!$B$29*(1+설정!$C$29)^(C102-1)*(1+설정!$D$29)^(D102-1),0) -> 44 | H102: =IF(G102=0,0,E102/G102) -> 265.90909 | I102: =COUNTIF(설정!$C$34:$C$39,"<="&MAX(1,C102-설정!$E$29)) -> 6 | J102: =MIN(I102,MAX(1,COUNTIF(설정!$B$15:$B$20,"<="&H102))) -> 4 | K102: =IF(J102<I102,J102+1,J102) -> 5 | L102: =INDEX(설정!$B$15:$B$20,J102) -> 100 | M102: =INDEX(설정!$B$15:$B$20,K102) -> 500 | N102: =IF(K102=J102,0,MIN(G102,MAX(0,ROUND((E102-G102*L102)/(M102-L102),0)))) -> 18 | O102: =IF(K102=J102,ROUND(E102/L102,0),G102-N102) -> 26 | P102: =IF($K102=6,$N102,0)+IF($J102=6,$O102,0) -> 0 | Q102: =IF($K102=5,$N102,0)+IF($J102=5,$O102,0) -> 18 | R102: =IF($K102=4,$N102,0)+IF($J102=4,$O102,0) -> 26 | S102: =IF($K102=3,$N102,0)+IF($J102=3,$O102,0) -> 0 | T102: =IF($K102=2,$N102,0)+IF($J102=2,$O102,0) -> 0 | U102: =IF($K102=1,$N102,0)+IF($J102=1,$O102,0) -> 0 | V102: =SUM(P102:U102) -> 44 | W102: =SUMPRODUCT(P102:U102,$P$3:$U$3) -> 11600 | X102: =IF(E102=0,0,W102/E102-1) -> -0.0085470085 | Y102: =INDEX(설정!$A$15:$A$20,IF(N102*M102>=O102*L102,K102,J102)) -> 다이아몬드 | Z102: =SUMIFS('드랍 구성'!$K$5:$K$102,'드랍 구성'!$A$5:$A$102,B102,'드랍 구성'!$B$5:$B$102,A102) -> 14 | AA102: =IF(A101<>A102,"-",V102-V101) -> 1 | AB102: =W102*F102 -> 266800

Sheet 공중 유닛 설정
A1: 공중 유닛 재화 배치 · 설정 (임시값)
A2: 파란 글씨 = 수정 가능한 입력값 / 노란 칸 = 핵심 가정. 기존 설정 시트의 골드 계수(설정!B5)·재화 단가·재화 데뷔 일정을 그대로 사용함. 공중 유닛 28종은 모두 공격형.
A4: 항목 | B4: 1번 유닛 | C4: 2번 유닛 | D4: 단위 | E4: 설명
A5: 체력 배율 (기준 건물 대비) | B5: 0.6 | C5: 0.8 | D5: 배 | E5: 1번 = 같은 스테이지 일반 건물 체력 기준, 2번 = 공격 건물 체력 기준
A6: 공격력 배율 (공격 건물 대비) | B6: 0.5 | C6: 0.8 | D6: 배 | E6: 같은 스테이지 공격 건물 공격력 기준
A7: 공격 속도 | B7: 0.5 | C7: 0.5 | D7: aps | E7: 공격 건물·랜드마크(1 aps)보다 느린 원거리 공격. 꼬리 회오리로 패링 가능한 탄
A8: 골드 위치 (일반 건물 → 공격 건물) | B8: 0.33 | C8: 0.67 | D8: 비율 | E8: 캐릭터 기획서 Ver02 p9 「일반 건물과 공격 건물 사이 수준의 보상」. 골드 = 일반 건물 골드 + (공격 건물 골드 - 일반 건물 골드) × 이 비율
A9: 화면 체류 | B9: 처치 전까지 | C9: 처치 전까지 | D9: - | E9: 클리어 방해 요소라 처치할 때까지 남아 압박 (캐릭터 기획서 Ver02 p9)
A10: 기대 처치 비율 (최대 등장 대비) | B10: 0.6 | C10: 0.6 | D10: % | E10: 25초 전에 클리어하면 등장 수가 줄고, 액티브 스킬 횟수도 제한됨. 1회 기대 골드 계산용 가정값
A11: 피격 드랍 비율 | B11: 0 | C11: 0 | D11: % | E11: 보조기 한 번에 파괴되는 낮은 체력이라 피격 드랍 없이 처치 시 전부 드랍
A12: 드랍 기준 개수 (1-1) | B12: 8 | C12: 10 | D12: 개 | E12: 개편안과 같은 목표 개수 곡선. 공중 유닛은 건물보다 적게, 더 높은 단가로
A13: 스테이지당 개수 증가율 | B13: 0.02 | C13: 0.02 | D13: %
A14: 시대 돌파 개수 증가율 | B14: 0.07 | C14: 0.07 | D14: %
A15: 데뷔 지연 (스테이지) | B15: 1 | C15: 1 | D15: 스테이지 | E15: 신규 재화는 항상 랜드마크가 먼저 보여 주고, 공중 유닛은 다음 스테이지부터 사용
A16: (미사용) 시대 증가 간격 | B16: - | C16: - | D16: - | E16: 마리 수는 아래 등장 시점 표로 정함
A19: 등장 시점 (캐릭터 기획서 Ver02 p9 「일정 시간마다 1개씩 등장 · 3초 / 10초 / 25초」)
A20: 등장 시점 | B20: 홀수 스테이지 | C20: 짝수 스테이지 | E20: 설명 (등장하는 유닛 번호)
A21: 스테이지 시작 3초 | B21: 1 | C21: 1 | E21: 첫 공중 유닛
A22: 스테이지 시작 10초 | B22: 1 | C22: 1
A23: 스테이지 시작 25초 | B23: 1 | C23: 2 | E23: 짝수(랜드마크) 스테이지는 2번 유닛이 등장
A25: 스테이지당 최대 3마리. 25초 전에 클리어하면 그 뒤 슬롯은 등장하지 않음 (오래 걸릴수록 압박). 공중 골드는 최대 등장 기준.
A28: 공중 유닛 처치 수단
A29: 캐릭터 기획서 Ver02 p9: 「플레이어 직접 조작으로만 처치 가능」 「보조기 한번에 파괴 가능할 수준의 낮은 체력」
A30: 스킬 | B30: 구분 | C30: 공중 타격 | E30: 규칙
A31: 몸통 박치기 · 파이어볼 · 파이어 브레스 | B31: 패시브 (자동) | C31: X | E31: 자동 공격은 공중 유닛을 맞히지 않음
A32: 낙뢰 · 충격파 · 회전 회오리 | B32: 패시브 (자동) | C32: X | E32: 자동 공격은 공중 유닛을 맞히지 않음
A33: 메테오 | B33: 액티브 (보조기) | C33: O | E33: 한 번에 처치
A34: 허리케인 | B34: 액티브 (보조기) | C34: O | E34: 한 번에 처치
A35: 지진 | B35: 액티브 (보조기) | C35: ? | E35: 지면 공격이라 공중 유닛 타격 여부 확인 필요
A36: 스테이지 스타터 | B36: 시작 연출 | C36: X | E36: 시작 전 연출이라 공중 유닛이 아직 없음
A38: 액티브 스킬은 세션당 사용 횟수(1~3회)가 정해져 있어, 공중 유닛 처치는 스킬 횟수를 쓰는 선택이 됨
A42: 기타 규칙 (제안)
A43: · 공중 유닛은 클리어 조건(남은 건물 수)에 포함되지 않음 (전투 시스템 승리 조건 = 모든 건물 파괴)
A44: · 업그레이드 「탐욕」(골드 수급)은 적용, 「연쇄 파괴」 연속 카운트와 「감별안」(황금 확률)은 적용하지 않음
A45: · 보너스 스테이지에는 등장하지 않음 (황금 건물 잭팟에 집중)
A46: · 사이즈 100px (캐릭터 기획서 Ver02 p9)

Sheet 공중 유닛 목록
A1: 공중 유닛 목록 (14테마 × 2종 = 28종, 모두 공격형)
A2: 유닛 이름·외형은 공중 유닛 리소스 시안(100×100px 재구성본) 기준. 1번 = 테마 두 스테이지 모두 등장, 2번 = 테마의 짝수(랜드마크) 스테이지 25초에 등장.
A4: 키 | B4: 시대 | C4: 테마 | D4: 구분 | E4: 유닛 | F4: 콘셉트 · 공격 | G4: 등장 스테이지 | H4: 행동
A5: 원시|공룡|1 | B5: 원시 | C5: 공룡 | D5: 1번 유닛 | E5: 볏 익룡 | F5: 볏 달린 소형 익룡. 급강하하며 부리로 쪼기 | G5: 1-1, 1-2 | H5: 3초·10초(·25초)에 등장, 처치할 때까지 상공에서 공격
A6: 원시|공룡|2 | B6: 원시 | C6: 공룡 | D6: 2번 유닛 | E6: 깃털 활공룡 | F6: 화려한 깃털 공룡. 활공하며 깃털을 날림 | G6: 1-2 | H6: 짝수 스테이지 25초에 등장, 처치할 때까지 공격
A7: 원시|원시인|1 | B7: 원시 | C7: 원시인 | D7: 1번 유닛 | E7: 박쥐 기수 | F7: 거대 박쥐를 탄 원시인. 돌 투척 | G7: 1-3, 1-4 | H7: 3초·10초(·25초)에 등장, 처치할 때까지 상공에서 공격
A8: 원시|원시인|2 | B8: 원시 | C8: 원시인 | D8: 2번 유닛 | E8: 가죽 글라이더 | F8: 가죽 날개 글라이더를 탄 원시인. 창 투척 | G8: 1-4 | H8: 짝수 스테이지 25초에 등장, 처치할 때까지 공격
A9: 고대|이집트|1 | B9: 고대 | C9: 이집트 | D9: 1번 유닛 | E9: 호루스 매 | F9: 매 신 형상의 새. 태양 광선 | G9: 2-1, 2-2 | H9: 3초·10초(·25초)에 등장, 처치할 때까지 상공에서 공격
A10: 고대|이집트|2 | B10: 고대 | C10: 이집트 | D10: 2번 유닛 | E10: 태양 스카라베 | F10: 황금 날개 풍뎅이. 태양 구슬 발사 | G10: 2-2 | H10: 짝수 스테이지 25초에 등장, 처치할 때까지 공격
A11: 고대|그리스|1 | B11: 고대 | C11: 그리스 | D11: 1번 유닛 | E11: 페가수스 | F11: 날개 달린 말. 돌진 공격 | G11: 2-3, 2-4 | H11: 3초·10초(·25초)에 등장, 처치할 때까지 상공에서 공격
A12: 고대|그리스|2 | B12: 고대 | C12: 그리스 | D12: 2번 유닛 | E12: 청동 올빼미 | F12: 청동 갑주 올빼미. 깃털 칼날 | G12: 2-4 | H12: 짝수 스테이지 25초에 등장, 처치할 때까지 공격
A13: 중세|프랑스|1 | B13: 중세 | C13: 프랑스 | D13: 1번 유닛 | E13: 왕실 그리핀 | F13: 왕실 문장을 단 그리핀. 발톱 급습 | G13: 3-1, 3-2 | H13: 3초·10초(·25초)에 등장, 처치할 때까지 상공에서 공격
A14: 중세|프랑스|2 | B14: 중세 | C14: 프랑스 | D14: 2번 유닛 | E14: 갑주 매 | F14: 갑옷 두른 사냥 매. 강하 공격 | G14: 3-2 | H14: 짝수 스테이지 25초에 등장, 처치할 때까지 공격
A15: 중세|독일|1 | B15: 중세 | C15: 독일 | D15: 1번 유닛 | E15: 목조 날개비행기 | F15: 목조 날개 비행 장치. 석궁 사격 | G15: 3-3, 3-4 | H15: 3초·10초(·25초)에 등장, 처치할 때까지 상공에서 공격
... A32: 우주|화성|2 | B32: 우주 | C32: 화성 | D32: 2번 유닛 | E32: 화성 강습 셔틀 | F32: 화성 강습 셔틀. 미사일 포격 | G32: 7-4 | H32: 짝수 스테이지 25초에 등장, 처치할 때까지 공격

Sheet 공중 유닛 배치
A1: 스테이지별 공중 유닛 배치 · 스탯 · 골드 (임시값)
A2: 건물 수·체력은 「스테이지별 골드」, 허들 등급·1회 기대 골드는 「허들 설계」 시트를 참조. 공격 건물 공격력은 레벨 디자인 Ver04 p08 원본 값(파란 글씨).
A3: 스테이지 | G3: 1번 유닛 | M3: 2번 유닛 | S3: 참조 | T3: 골드 비중 | X3: 1회 기대 골드 | AA3: 드랍 (공중 유닛 드랍 시트)
A4: 시대 | B4: 테마 | C4: 스테이지 | D4: 순번 | E4: 시대 번호 | F4: 허들 등급 | G4: 유닛 | H4: 마리 수 | I4: 체력 | J4: 공격력 | K4: 공격 속도 (aps) | L4: 골드 / 마리 | M4: 유닛 | N4: 마리 수 | O4: 체력 | P4: 공격력 | Q4: 공격 속도 (aps) | R4: 골드 / 마리 | S4: 공격 건물 공격력 (원본) | T4: 공중 골드 (최대 3마리 처치) | U4: 기대 공중 골드 | V4: 건물 골드 (스테이지) | W4: 공중 비중 | X4: 건물 기준 (허들 설계) | Y4: 공중 포함 | Z4: 증가율 | AA4: 1번 드랍 개수 | AB4: 1번 주력 재화 | AC4: 2번 드랍 개수 | AD4: 2번 주력 재화
A5: ='스테이지별 골드'!A5 -> 원시 | B5: ='스테이지별 골드'!B5 -> 공룡 | C5: ='스테이지별 골드'!C5 -> 1-1 | D5: =ROW()-4 -> 1 | E5: =INT((D5-1)/4)+1 -> 1 | F5: ='허들 설계'!F5 -> 튜토리얼 | G5: =IFERROR(INDEX('공중 유닛 목록'!$E$5:$E$32,MATCH(A5&"|"&B5&"|1",'공중 유닛 목록'!$A$5:$A$32,0)),"") -> 볏 익룡 | H5: =IF(MOD(D5,2)=1,COUNTIF('공중 유닛 설정'!$B$21:$B$23,1),COUNTIF('공중 유닛 설정'!$C$21:$C$23,1)) -> 3 | I5: =ROUND('스테이지별 골드'!G5*'공중 유닛 설정'!$B$5,0) -> 60 | J5: =ROUND(S5*'공중 유닛 설정'!$B$6,0) -> 3 | K5: ='공중 유닛 설정'!$B$7 -> 0.5 | L5: =ROUND('스테이지별 골드'!J5+('스테이지별 골드'!K5-'스테이지별 골드'!J5)*'공중 유닛 설정'!$B$8,0) -> 12 | M5: =IFERROR(INDEX('공중 유닛 목록'!$E$5:$E$32,MATCH(A5&"|"&B5&"|2",'공중 유닛 목록'!$A$5:$A$32,0)),"") -> 깃털 활공룡 | N5: =IF(MOD(D5,2)=1,COUNTIF('공중 유닛 설정'!$B$21:$B$23,2),COUNTIF('공중 유닛 설정'!$C$21:$C$23,2)) -> 0 | O5: =ROUND('스테이지별 골드'!H5*'공중 유닛 설정'!$C$5,0) -> 104 | P5: =ROUND(S5*'공중 유닛 설정'!$C$6,0) -> 4 | Q5: ='공중 유닛 설정'!$C$7 -> 0.5 | R5: =ROUND('스테이지별 골드'!J5+('스테이지별 골드'!K5-'스테이지별 골드'!J5)*'공중 유닛 설정'!$C$8,0) -> 14 | S5: 5 | T5: =H5*L5+N5*R5 -> 36 | U5: =H5*L5*'공중 유닛 설정'!$B$10+N5*R5*'공중 유닛 설정'!$C$10 -> 21.6 | V5: ='스테이지별 골드'!M5 -> 106 | W5: =IF(V5=0,0,T5/V5) -> 0.33962264 | X5: ='허들 설계'!O5 -> 244 | Y5: =X5+U5 -> 265.6 | Z5: =IF(X5=0,0,Y5/X5-1) -> 0.08852459 | AA5: ='공중 유닛 드랍'!V5 -> 8 | AB5: ='공중 유닛 드랍'!Y5 -> 금 코인 | AC5: =IF(N5=0,"-",'공중 유닛 드랍'!V33) -> - | AD5: =IF(N5=0,"-",'공중 유닛 드랍'!Y33) -> -
A6: ='스테이지별 골드'!A6 -> 원시 | B6: ='스테이지별 골드'!B6 -> 공룡 | C6: ='스테이지별 골드'!C6 -> 1-2 | D6: =ROW()-4 -> 2 | E6: =INT((D6-1)/4)+1 -> 1 | F6: ='허들 설계'!F6 -> 소허들 | G6: =IFERROR(INDEX('공중 유닛 목록'!$E$5:$E$32,MATCH(A6&"|"&B6&"|1",'공중 유닛 목록'!$A$5:$A$32,0)),"") -> 볏 익룡 | H6: =IF(MOD(D6,2)=1,COUNTIF('공중 유닛 설정'!$B$21:$B$23,1),COUNTIF('공중 유닛 설정'!$C$21:$C$23,1)) -> 2 | I6: =ROUND('스테이지별 골드'!G6*'공중 유닛 설정'!$B$5,0) -> 75 | J6: =ROUND(S6*'공중 유닛 설정'!$B$6,0) -> 3 | K6: ='공중 유닛 설정'!$B$7 -> 0.5 | L6: =ROUND('스테이지별 골드'!J6+('스테이지별 골드'!K6-'스테이지별 골드'!J6)*'공중 유닛 설정'!$B$8,0) -> 15 | M6: =IFERROR(INDEX('공중 유닛 목록'!$E$5:$E$32,MATCH(A6&"|"&B6&"|2",'공중 유닛 목록'!$A$5:$A$32,0)),"") -> 깃털 활공룡 | N6: =IF(MOD(D6,2)=1,COUNTIF('공중 유닛 설정'!$B$21:$B$23,2),COUNTIF('공중 유닛 설정'!$C$21:$C$23,2)) -> 1 | O6: =ROUND('스테이지별 골드'!H6*'공중 유닛 설정'!$C$5,0) -> 132 | P6: =ROUND(S6*'공중 유닛 설정'!$C$6,0) -> 5 | Q6: ='공중 유닛 설정'!$C$7 -> 0.5 | R6: =ROUND('스테이지별 골드'!J6+('스테이지별 골드'!K6-'스테이지별 골드'!J6)*'공중 유닛 설정'!$C$8,0) -> 18 | S6: 6 | T6: =H6*L6+N6*R6 -> 48 | U6: =H6*L6*'공중 유닛 설정'!$B$10+N6*R6*'공중 유닛 설정'!$C$10 -> 28.8 | V6: ='스테이지별 골드'!M6 -> 264 | W6: =IF(V6=0,0,T6/V6) -> 0.18181818 | X6: ='허들 설계'!O6 -> 450 | Y6: =X6+U6 -> 478.8 | Z6: =IF(X6=0,0,Y6/X6-1) -> 0.064 | AA6: ='공중 유닛 드랍'!V6 -> 8 | AB6: ='공중 유닛 드랍'!Y6 -> 금괴 | AC6: =IF(N6=0,"-",'공중 유닛 드랍'!V34) -> 10 | AD6: =IF(N6=0,"-",'공중 유닛 드랍'!Y34) -> 금괴
A7: ='스테이지별 골드'!A7 -> 원시 | B7: ='스테이지별 골드'!B7 -> 원시인 | C7: ='스테이지별 골드'!C7 -> 1-3 | D7: =ROW()-4 -> 3 | E7: =INT((D7-1)/4)+1 -> 1 | F7: ='허들 설계'!F7 -> 평탄 | G7: =IFERROR(INDEX('공중 유닛 목록'!$E$5:$E$32,MATCH(A7&"|"&B7&"|1",'공중 유닛 목록'!$A$5:$A$32,0)),"") -> 박쥐 기수 | H7: =IF(MOD(D7,2)=1,COUNTIF('공중 유닛 설정'!$B$21:$B$23,1),COUNTIF('공중 유닛 설정'!$C$21:$C$23,1)) -> 3 | I7: =ROUND('스테이지별 골드'!G7*'공중 유닛 설정'!$B$5,0) -> 90 | J7: =ROUND(S7*'공중 유닛 설정'!$B$6,0) -> 4 | K7: ='공중 유닛 설정'!$B$7 -> 0.5 | L7: =ROUND('스테이지별 골드'!J7+('스테이지별 골드'!K7-'스테이지별 골드'!J7)*'공중 유닛 설정'!$B$8,0) -> 18 | M7: =IFERROR(INDEX('공중 유닛 목록'!$E$5:$E$32,MATCH(A7&"|"&B7&"|2",'공중 유닛 목록'!$A$5:$A$32,0)),"") -> 가죽 글라이더 | N7: =IF(MOD(D7,2)=1,COUNTIF('공중 유닛 설정'!$B$21:$B$23,2),COUNTIF('공중 유닛 설정'!$C$21:$C$23,2)) -> 0 | O7: =ROUND('스테이지별 골드'!H7*'공중 유닛 설정'!$C$5,0) -> 160 | P7: =ROUND(S7*'공중 유닛 설정'!$C$6,0) -> 6 | Q7: ='공중 유닛 설정'!$C$7 -> 0.5 | R7: =ROUND('스테이지별 골드'!J7+('스테이지별 골드'!K7-'스테이지별 골드'!J7)*'공중 유닛 설정'!$C$8,0) -> 21 | S7: 7 | T7: =H7*L7+N7*R7 -> 54 | U7: =H7*L7*'공중 유닛 설정'!$B$10+N7*R7*'공중 유닛 설정'!$C$10 -> 32.4 | V7: ='스테이지별 골드'!M7 -> 213 | W7: =IF(V7=0,0,T7/V7) -> 0.25352113 | X7: ='허들 설계'!O7 -> 423.1 | Y7: =X7+U7 -> 455.5 | Z7: =IF(X7=0,0,Y7/X7-1) -> 0.076577641 | AA7: ='공중 유닛 드랍'!V7 -> 8 | AB7: ='공중 유닛 드랍'!Y7 -> 금괴 | AC7: =IF(N7=0,"-",'공중 유닛 드랍'!V35) -> - | AD7: =IF(N7=0,"-",'공중 유닛 드랍'!Y35) -> -
A8: ='스테이지별 골드'!A8 -> 원시 | B8: ='스테이지별 골드'!B8 -> 원시인 | C8: ='스테이지별 골드'!C8 -> 1-4 | D8: =ROW()-4 -> 4 | E8: =INT((D8-1)/4)+1 -> 1 | F8: ='허들 설계'!F8 -> 대허들 | G8: =IFERROR(INDEX('공중 유닛 목록'!$E$5:$E$32,MATCH(A8&"|"&B8&"|1",'공중 유닛 목록'!$A$5:$A$32,0)),"") -> 박쥐 기수 | H8: =IF(MOD(D8,2)=1,COUNTIF('공중 유닛 설정'!$B$21:$B$23,1),COUNTIF('공중 유닛 설정'!$C$21:$C$23,1)) -> 2 | I8: =ROUND('스테이지별 골드'!G8*'공중 유닛 설정'!$B$5,0) -> 114 | J8: =ROUND(S8*'공중 유닛 설정'!$B$6,0) -> 5 | K8: ='공중 유닛 설정'!$B$7 -> 0.5 | L8: =ROUND('스테이지별 골드'!J8+('스테이지별 골드'!K8-'스테이지별 골드'!J8)*'공중 유닛 설정'!$B$8,0) -> 23 | M8: =IFERROR(INDEX('공중 유닛 목록'!$E$5:$E$32,MATCH(A8&"|"&B8&"|2",'공중 유닛 목록'!$A$5:$A$32,0)),"") -> 가죽 글라이더 | N8: =IF(MOD(D8,2)=1,COUNTIF('공중 유닛 설정'!$B$21:$B$23,2),COUNTIF('공중 유닛 설정'!$C$21:$C$23,2)) -> 1 | O8: =ROUND('스테이지별 골드'!H8*'공중 유닛 설정'!$C$5,0) -> 200 | P8: =ROUND(S8*'공중 유닛 설정'!$C$6,0) -> 7 | Q8: ='공중 유닛 설정'!$C$7 -> 0.5 | R8: =ROUND('스테이지별 골드'!J8+('스테이지별 골드'!K8-'스테이지별 골드'!J8)*'공중 유닛 설정'!$C$8,0) -> 26 | S8: 9 | T8: =H8*L8+N8*R8 -> 72 | U8: =H8*L8*'공중 유닛 설정'!$B$10+N8*R8*'공중 유닛 설정'!$C$10 -> 43.2 | V8: ='스테이지별 골드'!M8 -> 461 | W8: =IF(V8=0,0,T8/V8) -> 0.15618221 | X8: ='허들 설계'!O8 -> 747.1 | Y8: =X8+U8 -> 790.3 | Z8: =IF(X8=0,0,Y8/X8-1) -> 0.057823585 | AA8: ='공중 유닛 드랍'!V8 -> 8 | AB8: ='공중 유닛 드랍'!Y8 -> 금괴 | AC8: =IF(N8=0,"-",'공중 유닛 드랍'!V36) -> 11 | AD8: =IF(N8=0,"-",'공중 유닛 드랍'!Y36) -> 금괴
A9: ='스테이지별 골드'!A9 -> 고대 | B9: ='스테이지별 골드'!B9 -> 이집트 | C9: ='스테이지별 골드'!C9 -> 2-1 | D9: =ROW()-4 -> 5 | E9: =INT((D9-1)/4)+1 -> 2 | F9: ='허들 설계'!F9 -> 돌파 | G9: =IFERROR(INDEX('공중 유닛 목록'!$E$5:$E$32,MATCH(A9&"|"&B9&"|1",'공중 유닛 목록'!$A$5:$A$32,0)),"") -> 호루스 매 | H9: =IF(MOD(D9,2)=1,COUNTIF('공중 유닛 설정'!$B$21:$B$23,1),COUNTIF('공중 유닛 설정'!$C$21:$C$23,1)) -> 3 | I9: =ROUND('스테이지별 골드'!G9*'공중 유닛 설정'!$B$5,0) -> 138 | J9: =ROUND(S9*'공중 유닛 설정'!$B$6,0) -> 5 | K9: ='공중 유닛 설정'!$B$7 -> 0.5 | L9: =ROUND('스테이지별 골드'!J9+('스테이지별 골드'!K9-'스테이지별 골드'!J9)*'공중 유닛 설정'!$B$8,0) -> 27 | M9: =IFERROR(INDEX('공중 유닛 목록'!$E$5:$E$32,MATCH(A9&"|"&B9&"|2",'공중 유닛 목록'!$A$5:$A$32,0)),"") -> 태양 스카라베 | N9: =IF(MOD(D9,2)=1,COUNTIF('공중 유닛 설정'!$B$21:$B$23,2),COUNTIF('공중 유닛 설정'!$C$21:$C$23,2)) -> 0 | O9: =ROUND('스테이지별 골드'!H9*'공중 유닛 설정'!$C$5,0) -> 240 | P9: =ROUND(S9*'공중 유닛 설정'!$C$6,0) -> 8 | Q9: ='공중 유닛 설정'!$C$7 -> 0.5 | R9: =ROUND('스테이지별 골드'!J9+('스테이지별 골드'!K9-'스테이지별 골드'!J9)*'공중 유닛 설정'!$C$8,0) -> 32 | S9: 10 | T9: =H9*L9+N9*R9 -> 81 | U9: =H9*L9*'공중 유닛 설정'!$B$10+N9*R9*'공중 유닛 설정'!$C$10 -> 48.6 | V9: ='스테이지별 골드'!M9 -> 407 | W9: =IF(V9=0,0,T9/V9) -> 0.1990172 | X9: ='허들 설계'!O9 -> 804 | Y9: =X9+U9 -> 852.6 | Z9: =IF(X9=0,0,Y9/X9-1) -> 0.060447761 | AA9: ='공중 유닛 드랍'!V9 -> 9 | AB9: ='공중 유닛 드랍'!Y9 -> 금괴 | AC9: =IF(N9=0,"-",'공중 유닛 드랍'!V37) -> - | AD9: =IF(N9=0,"-",'공중 유닛 드랍'!Y37) -> -
A10: ='스테이지별 골드'!A10 -> 고대 | B10: ='스테이지별 골드'!B10 -> 이집트 | C10: ='스테이지별 골드'!C10 -> 2-2 | D10: =ROW()-4 -> 6 | E10: =INT((D10-1)/4)+1 -> 2 | F10: ='허들 설계'!F10 -> 소허들 | G10: =IFERROR(INDEX('공중 유닛 목록'!$E$5:$E$32,MATCH(A10&"|"&B10&"|1",'공중 유닛 목록'!$A$5:$A$32,0)),"") -> 호루스 매 | H10: =IF(MOD(D10,2)=1,COUNTIF('공중 유닛 설정'!$B$21:$B$23,1),COUNTIF('공중 유닛 설정'!$C$21:$C$23,1)) -> 2 | I10: =ROUND('스테이지별 골드'!G10*'공중 유닛 설정'!$B$5,0) -> 174 | J10: =ROUND(S10*'공중 유닛 설정'!$B$6,0) -> 6 | K10: ='공중 유닛 설정'!$B$7 -> 0.5 | L10: =ROUND('스테이지별 골드'!J10+('스테이지별 골드'!K10-'스테이지별 골드'!J10)*'공중 유닛 설정'!$B$8,0) -> 35 | M10: =IFERROR(INDEX('공중 유닛 목록'!$E$5:$E$32,MATCH(A10&"|"&B10&"|2",'공중 유닛 목록'!$A$5:$A$32,0)),"") -> 태양 스카라베 | N10: =IF(MOD(D10,2)=1,COUNTIF('공중 유닛 설정'!$B$21:$B$23,2),COUNTIF('공중 유닛 설정'!$C$21:$C$23,2)) -> 1 | O10: =ROUND('스테이지별 골드'!H10*'공중 유닛 설정'!$C$5,0) -> 304 | P10: =ROUND(S10*'공중 유닛 설정'!$C$6,0) -> 10 | Q10: ='공중 유닛 설정'!$C$7 -> 0.5 | R10: =ROUND('스테이지별 골드'!J10+('스테이지별 골드'!K10-'스테이지별 골드'!J10)*'공중 유닛 설정'!$C$8,0) -> 40 | S10: 12 | T10: =H10*L10+N10*R10 -> 110 | U10: =H10*L10*'공중 유닛 설정'!$B$10+N10*R10*'공중 유닛 설정'!$C$10 -> 66 | V10: ='스테이지별 골드'!M10 -> 808 | W10: =IF(V10=0,0,T10/V10) -> 0.13613861 | X10: ='허들 설계'!O10 -> 1236 | Y10: =X10+U10 -> 1302 | Z10: =IF(X10=0,0,Y10/X10-1) -> 0.053398058 | AA10: ='공중 유닛 드랍'!V10 -> 9 | AB10: ='공중 유닛 드랍'!Y10 -> 금괴 | AC10: =IF(N10=0,"-",'공중 유닛 드랍'!V38) -> 12 | AD10: =IF(N10=0,"-",'공중 유닛 드랍'!Y38) -> 금괴
A11: ='스테이지별 골드'!A11 -> 고대 | B11: ='스테이지별 골드'!B11 -> 그리스 | C11: ='스테이지별 골드'!C11 -> 2-3 | D11: =ROW()-4 -> 7 | E11: =INT((D11-1)/4)+1 -> 2 | F11: ='허들 설계'!F11 -> 평탄 | G11: =IFERROR(INDEX('공중 유닛 목록'!$E$5:$E$32,MATCH(A11&"|"&B11&"|1",'공중 유닛 목록'!$A$5:$A$32,0)),"") -> 페가수스 | H11: =IF(MOD(D11,2)=1,COUNTIF('공중 유닛 설정'!$B$21:$B$23,1),COUNTIF('공중 유닛 설정'!$C$21:$C$23,1)) -> 3 | I11: =ROUND('스테이지별 골드'!G11*'공중 유닛 설정'!$B$5,0) -> 210 | J11: =ROUND(S11*'공중 유닛 설정'!$B$6,0) -> 7 | K11: ='공중 유닛 설정'!$B$7 -> 0.5 | L11: =ROUND('스테이지별 골드'!J11+('스테이지별 골드'!K11-'스테이지별 골드'!J11)*'공중 유닛 설정'!$B$8,0) -> 42 | M11: =IFERROR(INDEX('공중 유닛 목록'!$E$5:$E$32,MATCH(A11&"|"&B11&"|2",'공중 유닛 목록'!$A$5:$A$32,0)),"") -> 청동 올빼미 | N11: =IF(MOD(D11,2)=1,COUNTIF('공중 유닛 설정'!$B$21:$B$23,2),COUNTIF('공중 유닛 설정'!$C$21:$C$23,2)) -> 0 | O11: =ROUND('스테이지별 골드'!H11*'공중 유닛 설정'!$C$5,0) -> 368 | P11: =ROUND(S11*'공중 유닛 설정'!$C$6,0) -> 11 | Q11: ='공중 유닛 설정'!$C$7 -> 0.5 | R11: =ROUND('스테이지별 골드'!J11+('스테이지별 골드'!K11-'스테이지별 골드'!J11)*'공중 유닛 설정'!$C$8,0) -> 48 | S11: 14 | T11: =H11*L11+N11*R11 -> 126 | U11: =H11*L11*'공중 유닛 설정'!$B$10+N11*R11*'공중 유닛 설정'!$C$10 -> 75.6 | V11: ='스테이지별 골드'!M11 -> 745 | W11: =IF(V11=0,0,T11/V11) -> 0.16912752 | X11: ='허들 설계'!O11 -> 1399.5 | Y11: =X11+U11 -> 1475.1 | Z11: =IF(X11=0,0,Y11/X11-1) -> 0.054019293 | AA11: ='공중 유닛 드랍'!V11 -> 10 | AB11: ='공중 유닛 드랍'!Y11 -> 금괴 | AC11: =IF(N11=0,"-",'공중 유닛 드랍'!V39) -> - | AD11: =IF(N11=0,"-",'공중 유닛 드랍'!Y39) -> -
A12: ='스테이지별 골드'!A12 -> 고대 | B12: ='스테이지별 골드'!B12 -> 그리스 | C12: ='스테이지별 골드'!C12 -> 2-4 | D12: =ROW()-4 -> 8 | E12: =INT((D12-1)/4)+1 -> 2 | F12: ='허들 설계'!F12 -> 대허들 | G12: =IFERROR(INDEX('공중 유닛 목록'!$E$5:$E$32,MATCH(A12&"|"&B12&"|1",'공중 유닛 목록'!$A$5:$A$32,0)),"") -> 페가수스 | H12: =IF(MOD(D12,2)=1,COUNTIF('공중 유닛 설정'!$B$21:$B$23,1),COUNTIF('공중 유닛 설정'!$C$21:$C$23,1)) -> 2 | I12: =ROUND('스테이지별 골드'!G12*'공중 유닛 설정'!$B$5,0) -> 264 | J12: =ROUND(S12*'공중 유닛 설정'!$B$6,0) -> 9 | K12: ='공중 유닛 설정'!$B$7 -> 0.5 | L12: =ROUND('스테이지별 골드'!J12+('스테이지별 골드'!K12-'스테이지별 골드'!J12)*'공중 유닛 설정'!$B$8,0) -> 52 | M12: =IFERROR(INDEX('공중 유닛 목록'!$E$5:$E$32,MATCH(A12&"|"&B12&"|2",'공중 유닛 목록'!$A$5:$A$32,0)),"") -> 청동 올빼미 | N12: =IF(MOD(D12,2)=1,COUNTIF('공중 유닛 설정'!$B$21:$B$23,2),COUNTIF('공중 유닛 설정'!$C$21:$C$23,2)) -> 1 | O12: =ROUND('스테이지별 골드'!H12*'공중 유닛 설정'!$C$5,0) -> 460 | P12: =ROUND(S12*'공중 유닛 설정'!$C$6,0) -> 14 | Q12: ='공중 유닛 설정'!$C$7 -> 0.5 | R12: =ROUND('스테이지별 골드'!J12+('스테이지별 골드'!K12-'스테이지별 골드'!J12)*'공중 유닛 설정'!$C$8,0) -> 61 | S12: 17 | T12: =H12*L12+N12*R12 -> 165 | U12: =H12*L12*'공중 유닛 설정'!$B$10+N12*R12*'공중 유닛 설정'!$C$10 -> 99 | V12: ='스테이지별 골드'!M12 -> 1379 | W12: =IF(V12=0,0,T12/V12) -> 0.11965192 | X12: ='허들 설계'!O12 -> 2135 | Y12: =X12+U12 -> 2234 | Z12: =IF(X12=0,0,Y12/X12-1) -> 0.046370023 | AA12: ='공중 유닛 드랍'!V12 -> 10 | AB12: ='공중 유닛 드랍'!Y12 -> 금괴 | AC12: =IF(N12=0,"-",'공중 유닛 드랍'!V40) -> 12 | AD12: =IF(N12=0,"-",'공중 유닛 드랍'!Y40) -> 금괴
A13: ='스테이지별 골드'!A13 -> 중세 | B13: ='스테이지별 골드'!B13 -> 프랑스 | C13: ='스테이지별 골드'!C13 -> 3-1 | D13: =ROW()-4 -> 9 | E13: =INT((D13-1)/4)+1 -> 3 | F13: ='허들 설계'!F13 -> 돌파 | G13: =IFERROR(INDEX('공중 유닛 목록'!$E$5:$E$32,MATCH(A13&"|"&B13&"|1",'공중 유닛 목록'!$A$5:$A$32,0)),"") -> 왕실 그리핀 | H13: =IF(MOD(D13,2)=1,COUNTIF('공중 유닛 설정'!$B$21:$B$23,1),COUNTIF('공중 유닛 설정'!$C$21:$C$23,1)) -> 3 | I13: =ROUND('스테이지별 골드'!G13*'공중 유닛 설정'!$B$5,0) -> 318 | J13: =ROUND(S13*'공중 유닛 설정'!$B$6,0) -> 10 | K13: ='공중 유닛 설정'!$B$7 -> 0.5 | L13: =ROUND('스테이지별 골드'!J13+('스테이지별 골드'!K13-'스테이지별 골드'!J13)*'공중 유닛 설정'!$B$8,0) -> 63 | M13: =IFERROR(INDEX('공중 유닛 목록'!$E$5:$E$32,MATCH(A13&"|"&B13&"|2",'공중 유닛 목록'!$A$5:$A$32,0)),"") -> 갑주 매 | N13: =IF(MOD(D13,2)=1,COUNTIF('공중 유닛 설정'!$B$21:$B$23,2),COUNTIF('공중 유닛 설정'!$C$21:$C$23,2)) -> 0 | O13: =ROUND('스테이지별 골드'!H13*'공중 유닛 설정'!$C$5,0) -> 560 | P13: =ROUND(S13*'공중 유닛 설정'!$C$6,0) -> 16 | Q13: ='공중 유닛 설정'!$C$7 -> 0.5 | R13: =ROUND('스테이지별 골드'!J13+('스테이지별 골드'!K13-'스테이지별 골드'!J13)*'공중 유닛 설정'!$C$8,0) -> 74 | S13: 20 | T13: =H13*L13+N13*R13 -> 189 | U13: =H13*L13*'공중 유닛 설정'!$B$10+N13*R13*'공중 유닛 설정'!$C$10 -> 113.4 | V13: ='스테이지별 골드'!M13 -> 1321 | W13: =IF(V13=0,0,T13/V13) -> 0.14307343 | X13: ='허들 설계'!O13 -> 2309 | Y13: =X13+U13 -> 2422.4 | Z13: =IF(X13=0,0,Y13/X13-1) -> 0.04911217 | AA13: ='공중 유닛 드랍'!V13 -> 11 | AB13: ='공중 유닛 드랍'!Y13 -> 금괴 | AC13: =IF(N13=0,"-",'공중 유닛 드랍'!V41) -> - | AD13: =IF(N13=0,"-",'공중 유닛 드랍'!Y41) -> -
A14: ='스테이지별 골드'!A14 -> 중세 | B14: ='스테이지별 골드'!B14 -> 프랑스 | C14: ='스테이지별 골드'!C14 -> 3-2 | D14: =ROW()-4 -> 10 | E14: =INT((D14-1)/4)+1 -> 3 | F14: ='허들 설계'!F14 -> 소허들 | G14: =IFERROR(INDEX('공중 유닛 목록'!$E$5:$E$32,MATCH(A14&"|"&B14&"|1",'공중 유닛 목록'!$A$5:$A$32,0)),"") -> 왕실 그리핀 | H14: =IF(MOD(D14,2)=1,COUNTIF('공중 유닛 설정'!$B$21:$B$23,1),COUNTIF('공중 유닛 설정'!$C$21:$C$23,1)) -> 2 | I14: =ROUND('스테이지별 골드'!G14*'공중 유닛 설정'!$B$5,0) -> 396 | J14: =ROUND(S14*'공중 유닛 설정'!$B$6,0) -> 12 | K14: ='공중 유닛 설정'!$B$7 -> 0.5 | L14: =ROUND('스테이지별 골드'!J14+('스테이지별 골드'!K14-'스테이지별 골드'!J14)*'공중 유닛 설정'!$B$8,0) -> 78 | M14: =IFERROR(INDEX('공중 유닛 목록'!$E$5:$E$32,MATCH(A14&"|"&B14&"|2",'공중 유닛 목록'!$A$5:$A$32,0)),"") -> 갑주 매 | N14: =IF(MOD(D14,2)=1,COUNTIF('공중 유닛 설정'!$B$21:$B$23,2),COUNTIF('공중 유닛 설정'!$C$21:$C$23,2)) -> 1 | O14: =ROUND('스테이지별 골드'!H14*'공중 유닛 설정'!$C$5,0) -> 688 | P14: =ROUND(S14*'공중 유닛 설정'!$C$6,0) -> 19 | Q14: ='공중 유닛 설정'!$C$7 -> 0.5 | R14: =ROUND('스테이지별 골드'!J14+('스테이지별 골드'!K14-'스테이지별 골드'!J14)*'공중 유닛 설정'!$C$8,0) -> 91 | S14: 24 | T14: =H14*L14+N14*R14 -> 247 | U14: =H14*L14*'공중 유닛 설정'!$B$10+N14*R14*'공중 유닛 설정'!$C$10 -> 148.2 | V14: ='스테이지별 골드'!M14 -> 2301 | W14: =IF(V14=0,0,T14/V14) -> 0.10734463 | X14: ='허들 설계'!O14 -> 3553 | Y14: =X14+U14 -> 3701.2 | Z14: =IF(X14=0,0,Y14/X14-1) -> 0.04171123 | AA14: ='공중 유닛 드랍'!V14 -> 11 | AB14: ='공중 유닛 드랍'!Y14 -> 금괴 | AC14: =IF(N14=0,"-",'공중 유닛 드랍'!V42) -> 14 | AD14: =IF(N14=0,"-",'공중 유닛 드랍'!Y42) -> 금괴
